{
  "num_epochs": 20,
  "lr": 0.001,
  "bs": 256,
  "weight_decay": 0,
  "student_model_name": "ghostnet",
  "train_dir": "real_data",
  "val_dir": "val",
  "n_classes": 4,
  "T": 4,
  "loss_ratio": 0.5,
  "greyscale": false,
  "pretrained": false,
  "train_split": 0.8,
  "teacher_model_name": "vgg_astra",
  "finetuned": false,
  "conditional": true,
  "curriculum": false,
  "cosine_decay": false,
  "bird": false,
  "custom": false,
  "filename": "ghostnet-best;0.970224-lr;0.001-bs;256-weight_decay;0-T;4-loss_ratio;0.5-conditional;True-curriculum;False-cosine_decay;False-bird;False-custom;False",
  "train_speed": [
    1435.5815887451172,
    1514.212140083313,
    1271.0503237247467,
    1603.7566349506378,
    1409.283208847046,
    1108.8440704345703,
    139.03411436080933,
    36.245415687561035,
    36.27052068710327,
    36.25307369232178,
    36.32512950897217,
    36.2459659576416,
    36.352476596832275,
    36.230398416519165,
    36.32996916770935,
    36.24682950973511,
    36.31263613700867,
    36.24253964424133,
    36.31411790847778,
    36.22969460487366
  ],
  "inference_speed": [
    246.99274253845215,
    241.93711948394775,
    191.04563450813293,
    236.03545022010803,
    217.291761636734,
    185.87338495254517,
    3.892812490463257,
    3.2965638637542725,
    3.282088041305542,
    3.294689893722534,
    3.2859842777252197,
    3.2964701652526855,
    3.2819602489471436,
    3.2920432090759277,
    3.2849154472351074,
    3.2868354320526123,
    3.2814290523529053,
    3.3037381172180176,
    3.295689582824707,
    3.3683090209960938
  ],
  "student_memory": 14.990440368652344,
  "student_num_params": 3904964,
  "train_loss": [
    0.2779989650503534,
    0.056336719390065945,
    0.02962566200704848,
    0.023094413672253244,
    0.017125450341855405,
    0.013561030597899293,
    0.012421902650814564,
    0.011733933710722162,
    0.010353108242031981,
    0.009888964937999845,
    0.00842518296443903,
    0.00816466184103953,
    0.007732060466908285,
    0.007556010331561575,
    0.007125728393401034,
    0.006874780435893746,
    0.007244202670961862,
    0.006919388363488995,
    0.007382037572287878,
    0.006984439602152246
  ],
  "val_loss": [
    0.13339601943152957,
    0.07618916456704028,
    0.07375189878803212,
    0.0713021863339236,
    0.061703076760750264,
    0.06122019274334889,
    0.058006810024380684,
    0.05754740658449009,
    0.05318218674801756,
    0.054696297796908766,
    0.05442691981443204,
    0.05295733126695268,
    0.05071259320538957,
    0.05131900080596097,
    0.048683521687053144,
    0.051136323672835715,
    0.050305928038142156,
    0.05235582344175782,
    0.048985056244418956,
    0.049293742325971834
  ],
  "train_acc": [
    0.8260666713362834,
    0.9530938130910279,
    0.9743432475895178,
    0.9807257290746345,
    0.9865630655015101,
    0.989594006147541,
    0.9908215183703626,
    0.992486477386756,
    0.9924544589441331,
    0.9933189568949528,
    0.9945888831967213,
    0.9943115286162643,
    0.9945036392720019,
    0.9950267457571186,
    0.9955174180327869,
    0.9951868379702333,
    0.9947489754098361,
    0.9953893442622951,
    0.9941410407668254,
    0.9952080450097068
  ],
  "val_acc": [
    0.9160333797335625,
    0.9481001421809196,
    0.9494717679917812,
    0.9541193172335625,
    0.9592373929917812,
    0.9607022367417812,
    0.9620072767138481,
    0.9598100110888481,
    0.9656693860888481,
    0.9620072767138481,
    0.9650967679917812,
    0.9641202054917812,
    0.9663174711167812,
    0.9659135267138481,
    0.9689186774194241,
    0.9633877836167812,
    0.9668900892138481,
    0.9701393805444241,
    0.9702237211167812,
    0.9674538336694241
  ],
  "train_F1_score": [
    0.8257308062961773,
    0.9530677802762608,
    0.9743655637648571,
    0.9807902345004819,
    0.9865403148088661,
    0.9895599100546097,
    0.9908127208480565,
    0.992483135239319,
    0.9924510118856409,
    0.9933183424349502,
    0.9945711532283971,
    0.9943141663989721,
    0.9945069065210408,
    0.995053003533569,
    0.9955027304850627,
    0.9952136203019595,
    0.9947317699967877,
    0.9953742370703501,
    0.9941856729842595,
    0.9952136203019595
  ],
  "val_F1_score": [
    0.9173299101412067,
    0.95198973042362,
    0.9496790757381258,
    0.9573812580231066,
    0.9599486521181001,
    0.9614890885750963,
    0.9637997432605905,
    0.9614890885750963,
    0.9676508344030809,
    0.9637997432605905,
    0.9661103979460848,
    0.9650834403080872,
    0.9673940949935815,
    0.9679075738125802,
    0.9691912708600771,
    0.9643132220795892,
    0.9689345314505776,
    0.9704749679075738,
    0.9715019255455712,
    0.9676508344030809
  ],
  "batch_time": [
    0.21213257312774658,
    0.21213173866271973,
    0.21165525913238525,
    0.21151721477508545,
    0.21158266067504883,
    0.2110743522644043,
    0.2073739767074585,
    0.1985940933227539,
    0.1985841989517212,
    0.19854187965393066,
    0.19850993156433105,
    0.19844651222229004,
    0.19850528240203857,
    0.19859051704406738,
    0.19890344142913818,
    0.19864249229431152,
    0.1985783576965332,
    0.19842565059661865,
    0.198783278465271,
    0.19879305362701416
  ]
}