{
  "num_epochs": 20,
  "lr": 0.001,
  "bs": 256,
  "weight_decay": 0,
  "student_model_name": "ghostnet",
  "train_dir": "real_data",
  "val_dir": "val",
  "n_classes": 4,
  "T": 1,
  "loss_ratio": 0,
  "greyscale": false,
  "pretrained": false,
  "train_split": 0.8,
  "teacher_model_name": "vgg16",
  "finetuned": false,
  "conditional": false,
  "curriculum": false,
  "cosine_decay": false,
  "filename": "ghostnet-best;0.966721-lr;0.001-bs;256-weight_decay;0-T;1-loss_ratio;0-conditional;False-curriculum;False-cosine_decay;False",
  "train_speed": [
    1349.1383533477783,
    1404.5037298202515,
    1349.7700653076172,
    612.2428941726685,
    324.5009355545044,
    1661.7548141479492,
    1055.5276501178741,
    861.4509520530701,
    68.79461622238159,
    34.68239092826843,
    34.698007583618164,
    34.7096951007843,
    34.69310927391052,
    34.71204972267151,
    34.69988560676575,
    34.69197988510132,
    34.695531129837036,
    34.69857954978943,
    34.68480205535889,
    39.961679220199585
  ],
  "inference_speed": [
    249.29871010780334,
    4.253175973892212,
    4.3081042766571045,
    4.236441135406494,
    4.278482913970947,
    4.273355484008789,
    4.308765649795532,
    4.221397876739502,
    3.6807851791381836,
    3.1157236099243164,
    3.1196298599243164,
    3.1185414791107178,
    3.122185230255127,
    3.1212849617004395,
    3.1200835704803467,
    3.1186463832855225,
    3.1155893802642822,
    3.118173837661743,
    3.1031830310821533,
    3.955597400665283
  ],
  "student_memory": 14.990440368652344,
  "student_num_params": 3904964,
  "train_loss": [
    0.4332480953365076,
    0.13599227039051837,
    0.07879367432572314,
    0.052540061598429916,
    0.03947678072851334,
    0.036204311966163215,
    0.026364589772248245,
    0.023065894668479067,
    0.022374374644075077,
    0.01812042410248799,
    0.014392025863702149,
    0.015911960076410932,
    0.012171645123954312,
    0.01449974291775658,
    0.011366010102496833,
    0.009654933296632572,
    0.013323805999028932,
    0.008013259948920229,
    0.011521527194656569,
    0.008659246514816615
  ],
  "val_loss": [
    0.4587967227853369,
    0.22043935028182204,
    0.19186205623554997,
    0.16121588598434755,
    0.14510815211815498,
    1.45503465281854,
    0.3298183704589519,
    0.1576824938019854,
    0.17176935970383056,
    0.2034945616337609,
    0.22363965017575538,
    0.23542224044194882,
    0.2303509901757934,
    0.14708648796113266,
    0.21258314658189192,
    0.4225327803324035,
    0.15184690490445973,
    0.16106288394166768,
    0.6069359321372758,
    0.15445070161877084
  ],
  "train_acc": [
    0.8122347041231687,
    0.947501397035161,
    0.9701704544122102,
    0.9809814608487927,
    0.9855709095470241,
    0.9866162909836066,
    0.9903308460946942,
    0.9916860163211823,
    0.9922515368852459,
    0.9936179342817087,
    0.994471620829379,
    0.9944932436356779,
    0.9955922663211823,
    0.9952400634523297,
    0.9960297131147541,
    0.9966380635245902,
    0.9953361187801987,
    0.9970222848360656,
    0.9957739813405959,
    0.9968946268323993
  ],
  "val_acc": [
    0.8535200636833906,
    0.9136763140559196,
    0.9334339462220669,
    0.9492276273667812,
    0.9574529454112053,
    0.8050071022007614,
    0.9082297571003437,
    0.9600541517138481,
    0.9497247859835625,
    0.9502130672335625,
    0.9450284093618393,
    0.9432262070477009,
    0.9437056109309196,
    0.9654163680970669,
    0.9558948837220669,
    0.9171963781118393,
    0.9667214117944241,
    0.9605424329638481,
    0.878404650837183,
    0.9642045423388481
  ],
  "train_F1_score": [
    0.9285714285714286,
    0.9545454545454546,
    0.9545454545454546,
    0.9805194805194806,
    0.974025974025974,
    1.0,
    0.9805194805194806,
    0.9935064935064936,
    1.0,
    0.987012987012987,
    0.9935064935064936,
    0.9805194805194806,
    0.9935064935064936,
    0.9935064935064936,
    1.0,
    1.0,
    0.9935064935064936,
    1.0,
    0.9805194805194806,
    0.9805194805194806
  ],
  "val_F1_score": [
    0.4727272727272727,
    0.8727272727272727,
    0.9818181818181818,
    0.9454545454545454,
    0.9090909090909091,
    0.03636363636363636,
    0.8363636363636363,
    0.9272727272727272,
    0.8909090909090909,
    0.8909090909090909,
    0.7454545454545455,
    0.8181818181818182,
    0.8727272727272727,
    0.9818181818181818,
    0.9818181818181818,
    0.7454545454545455,
    0.9636363636363636,
    0.9272727272727272,
    0.5818181818181818,
    0.9272727272727272
  ],
  "batch_time": [
    0.2051987648010254,
    0.21124255657196045,
    0.2107532024383545,
    0.21014821529388428,
    0.2069793939590454,
    0.20978236198425293,
    0.20992398262023926,
    0.20925509929656982,
    0.206961989402771,
    0.18950676918029785,
    0.18965888023376465,
    0.1897042989730835,
    0.1897735595703125,
    0.1898115873336792,
    0.18994152545928955,
    0.18993830680847168,
    0.18984627723693848,
    0.1898350715637207,
    0.189644455909729,
    0.20564615726470947
  ]
}