{
  "num_epochs": 20,
  "lr": 0.001,
  "bs": 128,
  "weight_decay": 0.0001,
  "student_model_name": "mobilenet-V3-large",
  "data_dir": "real_data",
  "n_classes": 4,
  "T": 0.5,
  "loss_ratio": 0.4,
  "greyscale": false,
  "pretrained": false,
  "train_split": 0.8,
  "filename": "mobilenet-V3-large_best-0.6600648639153461_num_epochs-20_lr-0.001_bs-128_weight_decay-0.0001_data_dir-real_data_n_classes-4_T-0.5_loss_ratio-0.4_greyscale-False_pretrained-False_train_split-0.8",
  "train_speed": [
    28.384618520736694,
    180.2188081741333,
    599.2839045524597,
    611.0528764724731,
    553.892548084259,
    381.7704532146454,
    553.6689071655273,
    261.18648386001587,
    26.130946159362793,
    26.023971557617188,
    26.054235696792603,
    26.075277090072632,
    179.24528050422668,
    26.068814754486084,
    26.044676780700684,
    26.047250270843506
  ],
  "inference_speed": [
    4.990161418914795,
    40.93499994277954,
    229.55578112602234,
    238.0300190448761,
    190.25411295890808,
    130.01543951034546,
    210.11999535560608,
    46.889992237091064,
    4.941003799438477,
    4.934066534042358,
    4.933688163757324,
    9.242056131362915,
    5.6706156730651855,
    4.943916082382202,
    4.945572853088379,
    4.93975043296814
  ],
  "student_memory": 16.1424560546875,
  "student_num_params": 4207156,
  "train_loss": [
    0.8415469563924349,
    0.8408188379727877,
    0.8446646879880856,
    0.8379327000715794,
    0.8394160616092193,
    0.8357627880878937,
    0.8345635276574355,
    0.8355030747560355,
    0.8348458485725598,
    0.8341441686336811,
    0.8339783873313512,
    0.8336848292595301,
    0.8342611046937796,
    0.834102682578258,
    0.8344222964384617,
    0.8343373916088006
  ],
  "val_loss": [
    0.8493040982557802,
    0.8493020352052183,
    0.8492778746449218,
    0.8492401205763525,
    0.8484020950842877,
    0.8492168163766667,
    0.8490958043507167,
    0.8479782865971935,
    0.8458499202922899,
    0.848799788222021,
    0.8482037855654346,
    0.848755709978999,
    0.8402249776587194,
    0.8457374001035884,
    0.8446283243140396,
    0.8453300120879192
  ],
  "train_acc": [
    0.4985220799079308,
    0.44833956559499105,
    0.383213141025641,
    0.40046296303088846,
    0.45965990042075133,
    0.570975783543709,
    0.5773904915039356,
    0.5984018876002385,
    0.6475738959434705,
    0.695575142518068,
    0.7148415243014311,
    0.7284054487179488,
    0.6827368234976744,
    0.6795049857634764,
    0.6563434830078712,
    0.677875712284675
  ],
  "val_acc": [
    0.2044860626361808,
    0.3302210362590089,
    0.4191256530430852,
    0.38500575508390156,
    0.42441824261023076,
    0.5673414943169575,
    0.5233363922761411,
    0.5007777499909304,
    0.6557794602549806,
    0.6491219194567933,
    0.6600648639153461,
    0.5719963287820622,
    0.42756035315747165,
    0.4863077085845324,
    0.4894770402081159,
    0.502411024911063
  ],
  "F1_score": []
}