{
  "num_epochs": 20,
  "lr": 0.001,
  "bs": 32,
  "weight_decay": 0,
  "student_model_name": "mobilenet-V3-large",
  "train_dir": "real_data",
  "val_dir": "val",
  "n_classes": 4,
  "T": 4,
  "loss_ratio": 0.5,
  "greyscale": false,
  "pretrained": false,
  "train_split": 0.8,
  "teacher_model_name": "vgg16",
  "finetuned": false,
  "conditional": false,
  "curriculum": true,
  "cosine_decay": false,
  "filename": "mobilenet-V3-large-best;0.979764-lr;0.001-bs;32-weight_decay;0-train_dir;real_data-val_dir;val-T;4-loss_ratio;0.5-conditional;False-curriculum;True-cosine_decay;False",
  "train_speed": [
    93.12223505973816,
    90.55280232429504,
    213.32771182060242,
    1321.0020623207092,
    382.2009437084198,
    76.86328482627869,
    76.92006373405457,
    76.994868516922,
    289.36475348472595,
    926.1167516708374,
    129.07101130485535,
    75.71583271026611,
    75.61703753471375,
    75.58639860153198,
    75.58970975875854,
    75.56674265861511,
    75.45536208152771,
    75.60722327232361,
    75.62710356712341,
    75.58744502067566
  ],
  "inference_speed": [
    5.100421667098999,
    5.115736484527588,
    4.891339302062988,
    4.9203760623931885,
    5.154654502868652,
    3.69114089012146,
    3.6848480701446533,
    3.6894750595092773,
    5.121257543563843,
    5.128128528594971,
    4.643261194229126,
    3.6358015537261963,
    3.6543805599212646,
    3.643082857131958,
    3.6484785079956055,
    3.6329822540283203,
    3.634711980819702,
    3.6369271278381348,
    3.6424877643585205,
    3.6456806659698486
  ],
  "student_memory": 16.1424560546875,
  "student_num_params": 4207156,
  "train_loss": [
    3.2897947842268636,
    0.7046950385051053,
    0.2655448461523833,
    0.12480166088693985,
    0.09739959772431195,
    0.06488943393245283,
    0.05249342029923353,
    0.05181348305172239,
    0.04238100610086266,
    0.04424495402070614,
    0.033909963799073656,
    0.03350415921009298,
    0.030651687086289552,
    0.02838516398087739,
    0.02391136540685196,
    0.022497817848888987,
    0.02613409123697712,
    0.01726953493582742,
    0.015268761179271012,
    0.020728399863413287
  ],
  "val_loss": [
    0.693792875566077,
    0.31059061839497176,
    0.22534535377530657,
    0.3686329641104599,
    0.25543434035460477,
    0.56687666228438,
    0.3395073637366295,
    0.6067378691962508,
    0.6270844044133288,
    0.48337775957388956,
    0.7441804487731492,
    0.6661293096229678,
    0.8135450254576128,
    0.9993445065910699,
    0.4893836027286092,
    0.6557097988294773,
    0.8688113132461173,
    0.7787179866897278,
    0.800576851504748,
    0.5814659067841826
  ],
  "train_acc": [
    0.9124486125385406,
    0.9727177050228845,
    0.9803764131551901,
    0.9838697723470023,
    0.9819822713257965,
    0.9834843663860569,
    0.9851544588834874,
    0.983363309352518,
    0.9854830421377184,
    0.983877183967112,
    0.9875385405960946,
    0.9883019408978759,
    0.989176515930113,
    0.9896903905447071,
    0.9916174203494348,
    0.9922918807810894,
    0.9905254367934224,
    0.9940583247687564,
    0.9951503083247688,
    0.9929910467560465
  ],
  "val_acc": [
    0.9399723806342141,
    0.9631147540983607,
    0.9669569672131147,
    0.9585040983606558,
    0.970955096307348,
    0.9564549180327869,
    0.9753096045040693,
    0.970030737704918,
    0.9660882930286595,
    0.9756659836065574,
    0.970030737704918,
    0.9751536885245902,
    0.97152307580729,
    0.9710553278688525,
    0.9782274590163934,
    0.9747973094221021,
    0.9787954385163354,
    0.9797643442622951,
    0.9669569672131147,
    0.9797643442622951
  ],
  "train_F1_score": [
    0.9124486125385406,
    0.9727177049569136,
    0.9803764131551901,
    0.983869772314017,
    0.9819822713257965,
    0.9834843663530713,
    0.985154458850502,
    0.983363309352518,
    0.9854830421377184,
    0.983877183967112,
    0.9875385405960946,
    0.9883019408648905,
    0.989176515930113,
    0.9896903905447071,
    0.9916174203494348,
    0.9922918807810894,
    0.9905254367934224,
    0.9940583247687564,
    0.9951503083247688,
    0.9929910467230612
  ],
  "val_F1_score": [
    0.9399723806129722,
    0.9631147540983607,
    0.9669569672131147,
    0.9585040983606558,
    0.9709550962223806,
    0.9564549180327869,
    0.975309604419102,
    0.970030737704918,
    0.9660882929436921,
    0.9756659836065574,
    0.970030737704918,
    0.9751536885245902,
    0.9715230755523877,
    0.9710553278688525,
    0.9782274590163934,
    0.9747973093371347,
    0.9787954383464006,
    0.9797643442622951,
    0.9669569672131147,
    0.9797643442622951
  ],
  "batch_time": [
    0.07193899154663086,
    0.07173848152160645,
    0.07242178916931152,
    0.08511114120483398,
    0.0790410041809082,
    0.06299352645874023,
    0.06322002410888672,
    0.06348562240600586,
    0.06483340263366699,
    0.0841989517211914,
    0.07326102256774902,
    0.06203722953796387,
    0.06184840202331543,
    0.06166553497314453,
    0.06180596351623535,
    0.061731576919555664,
    0.061678171157836914,
    0.061776161193847656,
    0.06177639961242676,
    0.061682701110839844
  ]
}