{
  "num_epochs": 20,
  "lr": 0.001,
  "bs": 128,
  "weight_decay": 0.0001,
  "student_model_name": "mobilenet-V3-small",
  "data_dir": "real_data",
  "n_classes": 4,
  "T": 0.2,
  "loss_ratio": 0.2,
  "greyscale": false,
  "pretrained": false,
  "train_split": 0.8,
  "filename": "mobilenet-V3-small_best-0.6672862731680578_num_epochs-20_lr-0.001_bs-128_weight_decay-0.0001_data_dir-real_data_n_classes-4_T-0.2_loss_ratio-0.2_greyscale-False_pretrained-False_train_split-0.8",
  "train_speed": [
    48.915549993515015,
    87.37519574165344,
    24.904778480529785,
    29.587881565093994,
    29.63086462020874,
    31.476840257644653,
    33.61975336074829,
    69.8888680934906,
    540.4515426158905,
    380.8069398403168,
    719.8638906478882,
    501.2244522571564
  ],
  "inference_speed": [
    36.822612047195435,
    5.571206092834473,
    13.32101845741272,
    11.17868685722351,
    11.215096950531006,
    5.714593410491943,
    14.861973762512207,
    186.35515546798706,
    192.80862712860107,
    142.92993998527527,
    302.45069909095764,
    356.46185278892517
  ],
  "student_memory": 5.852264404296875,
  "student_num_params": 1521956,
  "train_loss": [
    1.1106425542097824,
    1.1086986682353877,
    1.109296614695818,
    1.1094047858164862,
    1.1081659751060682,
    1.107364557339595,
    1.1057679005158254,
    1.1052353418790377,
    1.1049596505287367,
    1.1055899809568357,
    1.1055450286620703,
    1.1051058035630446
  ],
  "val_loss": [
    1.117799525358239,
    1.117793294848228,
    1.1177016010089798,
    1.115935077472609,
    1.1152247336446022,
    1.11588420186724,
    1.1150949439223932,
    1.1140672284729627,
    1.1146578010247679,
    1.1087440227975651,
    1.1093908402384545,
    1.1110037467917617
  ],
  "train_acc": [
    0.3503783832757901,
    0.5478053774589148,
    0.5941372862228981,
    0.6174590456180084,
    0.6092414528895647,
    0.3484909187524747,
    0.35280893872945734,
    0.3482683404898032,
    0.3358128561423375,
    0.3153445512820513,
    0.31636396019886703,
    0.3278222935322003
  ],
  "val_acc": [
    0.29715887867674534,
    0.351963040780048,
    0.4471868775328811,
    0.5718446678044845,
    0.6125209988379965,
    0.6251361053817126,
    0.6672862731680578,
    0.628573760694387,
    0.624758896779041,
    0.42797256002620776,
    0.5568068684363852,
    0.5512576212688368
  ],
  "F1_score": []
}