{
  "num_epochs": 20,
  "lr": 0.001,
  "bs": 128,
  "weight_decay": 0.0001,
  "student_model_name": "mobilenet-V3-large",
  "data_dir": "real_data",
  "n_classes": 4,
  "T": 0.2,
  "loss_ratio": 0.4,
  "greyscale": false,
  "pretrained": false,
  "train_split": 0.8,
  "filename": "mobilenet-V3-large_best-0.73832597051348_num_epochs-20_lr-0.001_bs-128_weight_decay-0.0001_data_dir-real_data_n_classes-4_T-0.2_loss_ratio-0.4_greyscale-False_pretrained-False_train_split-0.8",
  "train_speed": [
    1061.1139180660248,
    1314.7576711177826,
    1245.0696289539337,
    1319.7112519741058,
    1313.5547256469727,
    1301.884474515915,
    1351.165946006775,
    1127.2913801670074,
    1307.1952252388,
    1249.7647032737732,
    1007.7165393829346,
    1206.6773943901062,
    629.0289835929871,
    25.737157583236694,
    25.771473169326782,
    25.774043083190918,
    25.82204246520996
  ],
  "inference_speed": [
    347.376229763031,
    311.5542984008789,
    336.2000308036804,
    389.2131052017212,
    254.4603250026703,
    325.74015283584595,
    350.25181818008423,
    331.8397603034973,
    334.3471248149872,
    281.69694900512695,
    294.72509956359863,
    310.03759241104126,
    6.002243518829346,
    4.854307174682617,
    4.8616321086883545,
    4.867342472076416,
    4.865545272827148
  ],
  "student_memory": 16.1424560546875,
  "student_num_params": 4207156,
  "train_loss": [
    0.8432726847819793,
    0.8437183609375587,
    0.8428880278880779,
    0.8424835553536049,
    0.8428045376753196,
    0.842805854173807,
    0.8417873119696593,
    0.8410888543495765,
    0.8410547287036211,
    0.8406284692959908,
    0.8397672356703343,
    0.8404984461955535,
    0.8399290919303894,
    0.8397068222363789,
    0.8390718484536196,
    0.8401103698290311,
    0.8395148460681622
  ],
  "val_loss": [
    0.8493040982557802,
    0.8493039608001709,
    0.849299854161788,
    0.8490444482589254,
    0.8490592484571495,
    0.8490025668728108,
    0.8487766616198481,
    0.8484667880194527,
    0.8469456872161554,
    0.8478451638805623,
    0.8474701618661686,
    0.8450207649445047,
    0.8461262632389458,
    0.8456615258236321,
    0.8448889073060484,
    0.8449633206639972,
    0.8452699062775593
  ],
  "train_acc": [
    0.2786680912360167,
    0.41684472935322003,
    0.26379985763476443,
    0.3269764956755516,
    0.3962784901643411,
    0.541786858974359,
    0.6113737537310674,
    0.6481169871794872,
    0.6652021010716757,
    0.6834668804437686,
    0.7275952635667263,
    0.7235487892077519,
    0.7304175569460942,
    0.7338541666666667,
    0.7457932692307693,
    0.7278044871794872,
    0.7391426282051282
  ],
  "val_acc": [
    0.38447688489544146,
    0.2097786522033263,
    0.2505833123411451,
    0.3922116099571695,
    0.37571941833106837,
    0.407447734657599,
    0.4343812216301354,
    0.4622635634578004,
    0.5957915941063239,
    0.5193620889770741,
    0.40264512811388287,
    0.73832597051348,
    0.5704408288002014,
    0.5480805124555316,
    0.3951398389680045,
    0.5551152618563905,
    0.35078863829982526
  ],
  "F1_score": []
}