{
  "num_epochs": 5,
  "lr": 0.001,
  "bs": 32,
  "weight_decay": 0,
  "student_model_name": "mobilenet-V3-large",
  "train_dir": "real_data",
  "val_dir": "val",
  "n_classes": 4,
  "T": 4,
  "loss_ratio": 0.5,
  "greyscale": false,
  "pretrained": false,
  "train_split": 0.8,
  "teacher_model_name": "vgg16",
  "finetuned": false,
  "conditional": true,
  "filename": "mobilenet-V3-large-best;0.969418-lr;0.001-bs;32-weight_decay;0-train_dir;real_data-val_dir;val-T;4-loss_ratio;0.5-conditional;True",
  "train_speed": [
    744.732994556427,
    700.990927696228,
    760.5425763130188,
    696.336190700531,
    688.9787859916687
  ],
  "inference_speed": [
    49.53925538063049,
    62.81442379951477,
    56.05017709732056,
    53.239927530288696,
    50.615763902664185
  ],
  "student_memory": 16.1424560546875,
  "student_num_params": 4207156,
  "train_loss": [
    0.14089235043840412,
    0.03705053810625579,
    0.025118822221359943,
    0.021671069679228553,
    0.01932501255913627
  ],
  "val_loss": [
    0.15009209693821726,
    0.06408936160542147,
    0.055819035120323664,
    0.06961882240940497,
    0.06280168903357976
  ],
  "train_acc": [
    0.911776622667342,
    0.9708623211650907,
    0.978063977389517,
    0.9813003992740321,
    0.983877183967112
  ],
  "val_acc": [
    0.9183223450281581,
    0.9594841413810605,
    0.9651639344262295,
    0.9579918032786885,
    0.9694182110614464
  ],
  "F1_score": [],
  "batch_time": 0.6569671630859375
}