{
  "num_epochs": 3,
  "lr": 0.001,
  "bs": 32,
  "weight_decay": 0,
  "student_model_name": "mobilenet-V3-large",
  "train_dir": "real_data",
  "val_dir": "val",
  "n_classes": 4,
  "T": 8,
  "loss_ratio": 0.5,
  "greyscale": false,
  "pretrained": false,
  "train_split": 0.8,
  "teacher_model_name": "vgg16",
  "finetuned": false,
  "conditional": true,
  "filename": "mobilenet-V3-large-best;0.088371-lr;0.001-bs;32-weight_decay;0-train_dir;real_data-val_dir;val-T;8-loss_ratio;0.5-conditional;True",
  "train_speed": [
    18.797450304031372,
    18.804685592651367,
    26.84553813934326
  ],
  "inference_speed": [
    38.47977542877197,
    70.28911876678467,
    57.88269066810608
  ],
  "student_memory": 16.1424560546875,
  "student_num_params": 4207156,
  "train_loss": [
    0.11633764614816755,
    0.03602555859833956,
    0.028371843916829675
  ],
  "val_loss": [
    0.8511134136895664,
    0.8684021913614429,
    0.8659955534290095
  ],
  "train_acc": [
    0.96875,
    1.0,
    1.0
  ],
  "val_acc": [
    0.08837090163934426,
    0.08837090163934426,
    0.08837090163934426
  ],
  "F1_score": [],
  "batch_time": 0.8145309686660767
}