{
  "num_epochs": 2,
  "lr": 0.001,
  "bs": 256,
  "weight_decay": 0.0001,
  "student_model_name": "mobilenet-V3-small",
  "data_dir": "real_data",
  "n_classes": 4,
  "T": 0.5,
  "loss_ratio": 0.5,
  "greyscale": false,
  "pretrained": false,
  "train_split": 0.85,
  "filename": "mobilenet-V3-small_best-0.295064461858649_num_epochs-2_lr-0.001_bs-256_weight_decay-0.0001_data_dir-real_data_n_classes-4_T-0.5_loss_ratio-0.5_greyscale-False_pretrained-False_train_split-0.85",
  "train_speed": [
    1110.4027996063232,
    223.82401776313782
  ],
  "inference_speed": [
    4.32823920249939,
    4.563267230987549
  ],
  "student_memory": 5.852264404296875,
  "student_num_params": 1521956,
  "train_loss": [
    0.7019096779135557,
    0.701431566132949
  ],
  "val_loss": [
    0.705761498526523,
    0.705761498526523
  ],
  "train_acc": [
    0.30185089632868767,
    0.33884595793027145
  ],
  "val_acc": [
    0.2148039576254393,
    0.295064461858649
  ],
  "F1_score": []
}