{
  "num_epochs": 20,
  "lr": 0.001,
  "bs": 256,
  "weight_decay": 0,
  "student_model_name": "mobilenet-V3-small",
  "data_dir": "real_data",
  "n_classes": 4,
  "T": 2,
  "loss_ratio": 0.5,
  "greyscale": false,
  "pretrained": false,
  "train_split": 0.8,
  "filename": "mobilenet-V3-small_best-0.9733993887901307_num_epochs-20_lr-0.001_bs-256_weight_decay-0_data_dir-real_data_n_classes-4_T-2_loss_ratio-0.5_greyscale-False_pretrained-False_train_split-0.8",
  "train_speed": [
    248.54010224342346,
    265.16256189346313,
    231.61290621757507,
    479.7250831127167,
    84.42892241477966,
    25.295002460479736,
    21.192856788635254,
    21.176828384399414,
    21.174901485443115,
    21.191805362701416,
    21.166874170303345,
    21.16672396659851,
    21.174103498458862,
    21.144588470458984,
    21.158835411071777,
    30.76327157020569,
    1015.7142524719238,
    912.5891497135162,
    154.98468041419983,
    21.15968894958496
  ],
  "inference_speed": [
    112.20922875404358,
    81.6368715763092,
    68.94889903068542,
    223.52172255516052,
    5.34444260597229,
    5.149866342544556,
    4.683226108551025,
    4.683053493499756,
    4.684750080108643,
    4.675734758377075,
    4.677842617034912,
    4.691264390945435,
    4.671880483627319,
    4.6755876541137695,
    4.680562973022461,
    215.55327725410461,
    59.00628304481506,
    210.03655886650085,
    5.595158576965332,
    4.685097694396973
  ],
  "student_memory": 5.852264404296875,
  "student_num_params": 1521956,
  "train_loss": [
    0.9892070755666617,
    0.28524258291842985,
    0.1479045509987948,
    0.09873463730422818,
    0.07492944942217092,
    0.06145599596582505,
    0.04944723192602396,
    0.0410084536641228,
    0.03287966111294773,
    0.02569678133087499,
    0.026364838666453654,
    0.02333942800760269,
    0.021004580113352562,
    0.020885103676772238,
    0.021208545696750587,
    0.023691073706259533,
    0.025649887851762528,
    0.06100170612715337,
    0.060675955833677124,
    0.04633227138951117
  ],
  "val_loss": [
    2.903737173080444,
    2.836336488723755,
    2.8450247859954834,
    3.0087162685394286,
    2.693114185333252,
    1.3192697763442993,
    0.3725456440448761,
    0.2534083932638168,
    0.20364659696817397,
    0.24553351044654848,
    0.1546406926214695,
    0.14527302235364914,
    0.4341756796836853,
    0.1499407160282135,
    0.17127473741769791,
    0.1876760622859001,
    0.21048407465219499,
    0.3895255157351494,
    0.36364099323749544,
    0.23680909395217895
  ],
  "train_acc": [
    0.8205870888671096,
    0.9488157240711913,
    0.9713408801020408,
    0.980623759785477,
    0.985389207698861,
    0.988936720453963,
    0.9913061577446607,
    0.9938217474489796,
    0.9949378188775511,
    0.9969706632653061,
    0.9969086592294731,
    0.9975685586734694,
    0.997688137755102,
    0.9974489795918368,
    0.9974091198979592,
    0.9975685586734694,
    0.9966916454081632,
    0.9896320506018035,
    0.9884584041274324,
    0.9923469387755102
  ],
  "val_acc": [
    0.4669740843772888,
    0.4669740843772888,
    0.4669740843772888,
    0.4669740843772888,
    0.4845121943950653,
    0.7887766766548157,
    0.9317797231674194,
    0.9561928343772889,
    0.9651371932029724,
    0.9531859731674195,
    0.9732812476158142,
    0.9733993887901307,
    0.9347484731674194,
    0.9726181387901306,
    0.9699999976158142,
    0.9683993887901307,
    0.9648056387901306,
    0.9443368887901307,
    0.9519359731674194,
    0.9630868887901306
  ],
  "F1_score": []
}