{
  "num_epochs": 20,
  "lr": 0.001,
  "bs": 64,
  "weight_decay": 0.0001,
  "student_model_name": "mobilenet-V3-small",
  "data_dir": "real_data",
  "n_classes": 4,
  "T": 0.3,
  "loss_ratio": 0.3,
  "greyscale": false,
  "pretrained": false,
  "train_split": 0.8,
  "filename": "mobilenet-V3-small_best-0.686330782515662_num_epochs-20_lr-0.001_bs-64_weight_decay-0.0001_data_dir-real_data_n_classes-4_T-0.3_loss_ratio-0.3_greyscale-False_pretrained-False_train_split-0.8",
  "train_speed": [
    325.2714133262634,
    343.3716416358948,
    346.517361164093,
    351.67204332351685,
    359.1709020137787,
    364.8216595649719,
    368.3019986152649,
    372.68704295158386
  ],
  "inference_speed": [
    74.71912598609924,
    71.01693654060364,
    72.83001446723938,
    75.69184350967407,
    77.19886708259583,
    78.77397465705872,
    78.3139910697937,
    80.75594210624695
  ],
  "student_memory": 5.852264404296875,
  "student_num_params": 1521956,
  "train_loss": [
    0.9814070218648666,
    0.983035151163737,
    0.97168167921213,
    0.9681745790518247,
    0.9691837743306772,
    0.966433629164329,
    0.965935140542495,
    0.965181921231441
  ],
  "val_loss": [
    0.9970622403281075,
    0.9842797335313291,
    0.9846134173626803,
    0.9833005520762229,
    0.9842473079963606,
    0.9840282226095394,
    0.9753649173950663,
    0.9697848382044811
  ],
  "train_acc": [
    0.4470753205128205,
    0.5155849358974359,
    0.6417467948717949,
    0.7204326923076924,
    0.6934695512820512,
    0.7404647435897436,
    0.7511618589743589,
    0.7528846153846154
  ],
  "val_acc": [
    0.4333545918367347,
    0.3939023528780256,
    0.686330782515662,
    0.6203939908621262,
    0.6154868195251543,
    0.534952522540579,
    0.5037556692045562,
    0.5432256235151874
  ],
  "F1_score": []
}