{
  "num_epochs": 20,
  "lr": 0.001,
  "bs": 128,
  "weight_decay": 0,
  "student_model_name": "mobilenet-V3-large",
  "data_dir": "real_data",
  "n_classes": 4,
  "T": 0.1,
  "loss_ratio": 0.5,
  "greyscale": false,
  "pretrained": false,
  "train_split": 0.8,
  "filename": "mobilenet-V3-large_best-0.8349653117510737_num_epochs-20_lr-0.001_bs-128_weight_decay-0_data_dir-real_data_n_classes-4_T-0.1_loss_ratio-0.5_greyscale-False_pretrained-False_train_split-0.8",
  "train_speed": [
    763.6405341625214,
    835.3115537166595,
    26.61744260787964,
    26.655292987823486,
    29.00470542907715,
    26.847398042678833,
    26.8510639667511,
    26.534571647644043,
    26.69046688079834,
    971.6714677810669,
    1004.5559048652649,
    764.7823002338409,
    242.97462511062622,
    77.98098635673523,
    32.86332607269287,
    31.752100467681885,
    32.03041338920593,
    36.994609117507935,
    31.60719656944275,
    28.950634241104126
  ],
  "inference_speed": [
    335.8864586353302,
    5.8932154178619385,
    5.117798089981079,
    5.142270803451538,
    5.893094539642334,
    5.1168389320373535,
    5.09610390663147,
    5.1027467250823975,
    5.111674785614014,
    259.56569170951843,
    259.8867268562317,
    142.1146743297577,
    10.891814231872559,
    5.7437286376953125,
    8.16740083694458,
    7.66034722328186,
    8.64189100265503,
    7.512973785400391,
    5.44842267036438,
    5.479232549667358
  ],
  "student_memory": 16.1424560546875,
  "student_num_params": 4207156,
  "train_loss": [
    -23152504.892147664,
    -323953348.3487179,
    -1289256405.9897435,
    -3227438618.9128203,
    -6397763686.4,
    -10989011582.03077,
    -17214932146.54359,
    -25205967887.753845,
    -35062193986.95385,
    -46840904635.73333,
    -60761126544.410255,
    -76824167030.15384,
    -95275862908.71794,
    -116518227778.95384,
    -140491024814.60513,
    -168084858344.36923,
    -198943601711.26154,
    -233567858162.8718,
    -270919095049.18976,
    -312673361625.9282
  ],
  "val_loss": [
    -1028359.0344387755,
    -13531141.06122449,
    -3549180170.4489794,
    -8007707877.877551,
    -13183978788.571428,
    -23489780861.387756,
    -31147729146.77551,
    -42134720386.61224,
    -49956828055.5102,
    -72297631158.85715,
    -85162378219.10204,
    -106137993216.0,
    -133292927770.12245,
    -161738144788.89795,
    -183105887085.7143,
    -212115690725.87756,
    -253382968633.4694,
    -297877790218.449,
    -330640255435.7551,
    -368230136852.89795
  ],
  "train_acc": [
    0.7107060184845557,
    0.800111289207752,
    0.8188924502103757,
    0.8315749645233155,
    0.8322961183694693,
    0.8288595086488968,
    0.8295762107922481,
    0.8213274573668455,
    0.8205083691156827,
    0.814338497320811,
    0.8143874645233155,
    0.8141381768079904,
    0.8077190169921288,
    0.8168892450821705,
    0.8090277777268337,
    0.8148993947567084,
    0.8066684472255218,
    0.8121572292768038,
    0.8116675569460943,
    0.8084312677383423
  ],
  "val_acc": [
    0.46704672672310654,
    0.4695977471312698,
    0.8176564829690116,
    0.8270633707241136,
    0.8292255158327064,
    0.7962022460236842,
    0.8320254160433399,
    0.8337792425739522,
    0.8065852097102574,
    0.8349653117510737,
    0.8320254160433399,
    0.8246912323698705,
    0.8110494954245431,
    0.8334603650229317,
    0.8041936280776043,
    0.8339386813494624,
    0.8307499058392583,
    0.8243723548188502,
    0.8264450589004828,
    0.8270828140025236
  ],
  "F1_score": []
}