{
  "num_epochs": 20,
  "lr": 0.001,
  "bs": 128,
  "weight_decay": 0.0001,
  "student_model_name": "mobilenet-V3-large",
  "data_dir": "real_data",
  "n_classes": 4,
  "T": 0.5,
  "loss_ratio": 0.5,
  "greyscale": false,
  "pretrained": false,
  "train_split": 0.8,
  "filename": "mobilenet-V3-large_best-0.5298928253504694_num_epochs-20_lr-0.001_bs-128_weight_decay-0.0001_data_dir-real_data_n_classes-4_T-0.5_loss_ratio-0.5_greyscale-False_pretrained-False_train_split-0.8",
  "train_speed": [
    28.250452518463135,
    171.99185585975647,
    599.3069343566895,
    611.0433902740479,
    553.8692789077759,
    381.7920787334442,
    553.6845927238464,
    261.18728375434875,
    26.11861228942871,
    29.321022033691406
  ],
  "inference_speed": [
    4.96431040763855,
    40.93500542640686,
    229.5575292110443,
    238.03613877296448,
    190.25477719306946,
    130.01636576652527,
    210.1244912147522,
    46.89032864570618,
    4.958783149719238,
    5.580796480178833
  ],
  "student_memory": 16.1424560546875,
  "student_num_params": 4207156,
  "train_loss": [
    0.7100091203665122,
    0.7089044384467296,
    0.7092064564044659,
    0.7100849986076355,
    0.7076067114487673,
    0.7028997656626579,
    0.7023354074893854,
    0.7025302043327919,
    0.7017972487669725,
    0.7016908917671595
  ],
  "val_loss": [
    0.7150563244916954,
    0.7150561955510354,
    0.7150495246965058,
    0.7148029110869583,
    0.7144494701404961,
    0.7149504374484627,
    0.7148700368647672,
    0.7147038128911233,
    0.7149008682795933,
    0.7142397518060646
  ],
  "train_acc": [
    0.40305822652119855,
    0.27807603279749554,
    0.3700186966321407,
    0.478636930233393,
    0.29147079785664876,
    0.5787259615384616,
    0.5991542024490161,
    0.5734642092998211,
    0.5559561964793083,
    0.5265625
  ],
  "val_acc": [
    0.31131781972184475,
    0.2715592332640473,
    0.3886339591473949,
    0.5298928253504694,
    0.2732936162121442,
    0.45631377490199343,
    0.43091245573394155,
    0.5234063900246912,
    0.47735969326934036,
    0.4307841275419508
  ],
  "F1_score": []
}