{
  "num_epochs": 20,
  "lr": 0.001,
  "bs": 256,
  "weight_decay": 0,
  "student_model_name": "mobilenet-V3-large",
  "data_dir": "real_data",
  "n_classes": 4,
  "T": 8,
  "loss_ratio": 0.8,
  "greyscale": false,
  "pretrained": false,
  "train_split": 0.8,
  "filename": "mobilenet-V3-large-best-0.980918-lr;0.001-bs;256-weight_decay;0-T;8-loss_ratio;0.8",
  "train_speed": [
    748.9128527641296,
    30.829814910888672,
    25.534548044204712,
    25.574621200561523,
    25.51422095298767,
    25.52051091194153,
    25.520232439041138,
    25.52117347717285,
    25.45285201072693,
    25.452711582183838,
    25.491979598999023,
    25.505998611450195,
    25.461296796798706,
    25.449604988098145,
    25.47561264038086,
    25.45575213432312,
    25.469677448272705,
    25.393492937088013,
    25.340723276138306,
    25.370620727539062
  ],
  "inference_speed": [
    334.789808511734,
    5.4910876750946045,
    5.022338628768921,
    5.019805908203125,
    5.018376111984253,
    5.016008377075195,
    5.016709804534912,
    5.009547233581543,
    4.995306968688965,
    5.013552188873291,
    5.0032923221588135,
    5.004971742630005,
    4.9979777336120605,
    5.0009050369262695,
    5.00085711479187,
    5.007863998413086,
    5.001958131790161,
    4.964324235916138,
    4.974134206771851,
    4.964006185531616
  ],
  "student_memory": 16.1424560546875,
  "student_num_params": 4207156,
  "train_loss": [
    6.844586178964498,
    1.4975239877798119,
    0.835341320962322,
    0.5662251528428526,
    0.48304679047088234,
    0.40606221511047713,
    0.3803271905195956,
    0.3388116920785028,
    0.32494676402028727,
    0.3207470551133156,
    0.2667798848480594,
    0.24248615667528037,
    0.22172653112484483,
    0.19166209267414347,
    0.1833318527407792,
    0.15931556822389972,
    0.16702227841834633,
    0.14905146478998418,
    0.1472047584093347,
    0.14879806202893353
  ],
  "val_loss": [
    35.64368988037109,
    34.56974136352539,
    34.53126434326172,
    35.446385345458985,
    36.39941360473633,
    26.49926300048828,
    6.682751808166504,
    0.8872274827957153,
    0.5511883533000946,
    0.834119815826416,
    0.514545407295227,
    0.5317295217514038,
    0.47009753704071044,
    0.7740513968467713,
    0.6988122296333313,
    0.40973140597343444,
    0.4857585883140564,
    0.44744217038154604,
    0.6458375191688538,
    0.5688023781776428
  ],
  "train_acc": [
    0.8537592121532985,
    0.9531958620158993,
    0.9739273312140484,
    0.9830906324240626,
    0.9874619117804936,
    0.9893884640567157,
    0.988639987244898,
    0.991248582698861,
    0.991248582698861,
    0.9920679209183674,
    0.9934231505102041,
    0.9936623086734694,
    0.9945392219387755,
    0.9941583403519222,
    0.9956552933673469,
    0.9958501628467015,
    0.995154832698861,
    0.9957128684131467,
    0.9956951530612245,
    0.995735012755102
  ],
  "val_acc": [
    0.4669740843772888,
    0.4669740843772888,
    0.4669740843772888,
    0.4669740843772888,
    0.4669740843772888,
    0.5048437488079071,
    0.8926600599288941,
    0.9721493887901306,
    0.9791996932029724,
    0.9766996932029725,
    0.9801562476158142,
    0.9804496932029724,
    0.9781059432029724,
    0.9791996932029724,
    0.9777934432029725,
    0.9788681387901306,
    0.9788681387901306,
    0.9790434432029724,
    0.9809184432029724,
    0.9807812476158142
  ],
  "F1_score": []
}