{
  "num_epochs": 20,
  "lr": 0.001,
  "bs": 128,
  "weight_decay": 0.0001,
  "student_model_name": "mobilenet-V3-large",
  "data_dir": "real_data",
  "n_classes": 4,
  "T": 0.4,
  "loss_ratio": 0.2,
  "greyscale": false,
  "pretrained": false,
  "train_split": 0.8,
  "filename": "mobilenet-V3-large_best-0.7616934727649299_num_epochs-20_lr-0.001_bs-128_weight_decay-0.0001_data_dir-real_data_n_classes-4_T-0.4_loss_ratio-0.2_greyscale-False_pretrained-False_train_split-0.8",
  "train_speed": [
    34.043484687805176,
    26.0047709941864,
    25.989264488220215,
    26.016664028167725,
    26.001219749450684,
    26.010074138641357,
    25.99165987968445,
    25.96021294593811,
    31.25258493423462,
    26.025226831436157
  ],
  "inference_speed": [
    5.619674205780029,
    4.916846990585327,
    4.917270660400391,
    4.938481569290161,
    4.924387454986572,
    4.917383909225464,
    4.92033839225769,
    4.922847509384155,
    5.593675374984741,
    4.928842067718506
  ],
  "student_memory": 16.1424560546875,
  "student_num_params": 4207156,
  "train_loss": [
    1.1101404037231053,
    1.1045237406706199,
    1.1022528116519634,
    1.1024459814414,
    1.1014960007789807,
    1.101143049582457,
    1.10007911889981,
    1.0998655533179258,
    1.1001974332026947,
    1.0996708044639
  ],
  "val_loss": [
    1.117799525358239,
    1.1177957593178263,
    1.1177852932287722,
    1.1176395610887178,
    1.1175281490598405,
    1.1174425129987755,
    1.1171487010255152,
    1.1162667250146672,
    1.1147512757048315,
    1.1150418106390505
  ],
  "train_acc": [
    0.3758502492537865,
    0.6356258902794275,
    0.698976139533214,
    0.7065170939152058,
    0.7407051282051282,
    0.7551860755834824,
    0.781552706620632,
    0.7876736112129994,
    0.7858573717948718,
    0.7985933050131186
  ],
  "val_acc": [
    0.2953544982842037,
    0.34326390587553685,
    0.41977507423381416,
    0.6089550147251207,
    0.7616934727649299,
    0.4907642171090963,
    0.7329556053998519,
    0.6703467198780605,
    0.704983821937016,
    0.739920358268582
  ],
  "F1_score": []
}