{
  "num_epochs": 20,
  "lr": 0.001,
  "bs": 256,
  "weight_decay": 0,
  "student_model_name": "mobilenet-V3-large",
  "data_dir": "real_data",
  "n_classes": 4,
  "T": 4,
  "loss_ratio": 0.5,
  "greyscale": false,
  "pretrained": false,
  "train_split": 0.8,
  "filename": "mobilenet-V3-large_best-0.9829496932029724_num_epochs-20_lr-0.001_bs-256_weight_decay-0_data_dir-real_data_n_classes-4_T-4_loss_ratio-0.5_greyscale-False_pretrained-False_train_split-0.8",
  "train_speed": [
    942.6515882015228,
    155.24610328674316,
    25.29197120666504,
    26.172790050506592,
    44.616223096847534,
    26.547576904296875,
    26.953675746917725,
    25.46124243736267,
    25.316556215286255,
    25.30535340309143,
    25.307317972183228,
    25.35486912727356,
    25.32153606414795,
    25.287635803222656,
    25.314910173416138,
    25.270719289779663,
    25.372849941253662,
    25.328348636627197,
    25.323977947235107,
    25.36249566078186
  ],
  "inference_speed": [
    233.60922765731812,
    5.625673532485962,
    4.96734356880188,
    10.413322448730469,
    5.8919782638549805,
    4.944014310836792,
    4.982672452926636,
    4.9619410037994385,
    4.957170009613037,
    4.9555275440216064,
    4.972638130187988,
    4.960261583328247,
    4.955549240112305,
    4.954117774963379,
    4.948349952697754,
    4.949297189712524,
    4.976284980773926,
    4.966020822525024,
    4.959171533584595,
    4.966310739517212
  ],
  "student_memory": 16.1424560546875,
  "student_num_params": 4207156,
  "train_loss": [
    2.1560950540766424,
    0.5474790082294114,
    0.2547375540800241,
    0.15494926745186047,
    0.12559594092320422,
    0.10935737945291461,
    0.08978034757381799,
    0.08139356716098833,
    0.07516777724483792,
    0.07315105652170521,
    0.06509297694630768,
    0.06228202455962191,
    0.0548979679540712,
    0.04900384272391699,
    0.04505714367390895,
    0.041304040244039227,
    0.03948099755358939,
    0.03401110155926067,
    0.03514395315884328,
    0.03549937115107872
  ],
  "val_loss": [
    9.08796199798584,
    8.67720043182373,
    8.915015716552734,
    9.365316581726074,
    9.886151809692382,
    6.035721378326416,
    1.191132743358612,
    0.30158445596694944,
    0.20262340366840362,
    0.21241616308689118,
    0.20928088933229447,
    0.19962701290845872,
    0.17731950789690018,
    0.3153600305318832,
    0.2251016241312027,
    0.17981593579053878,
    0.15141324281692506,
    0.21945096760988236,
    0.17548348128795624,
    0.17313440561294555
  ],
  "train_acc": [
    0.8532233207809682,
    0.953470450883009,
    0.976969954918842,
    0.9861022531986237,
    0.9910714285714286,
    0.9930644132653061,
    0.9944196428571429,
    0.9952168367346939,
    0.9956951530612245,
    0.9956730087192691,
    0.9964923469387755,
    0.9963329081632653,
    0.9974091198979592,
    0.9974268352498814,
    0.9981664540816326,
    0.9979450112702896,
    0.9977279974489796,
    0.9983258928571429,
    0.9982638888213099,
    0.9984454719387755
  ],
  "val_acc": [
    0.3700457310676575,
    0.4669740843772888,
    0.4669740843772888,
    0.4669740843772888,
    0.4669740843772888,
    0.5958955788612366,
    0.9345731687545776,
    0.9735746932029724,
    0.9791996932029724,
    0.9771684432029724,
    0.9779496932029724,
    0.9774618887901306,
    0.9796874976158142,
    0.9748056387901306,
    0.9763871932029724,
    0.9773246932029724,
    0.9820121932029724,
    0.9781059432029724,
    0.9777934432029725,
    0.9829496932029724
  ],
  "F1_score": []
}