{
  "num_epochs": 20,
  "lr": 0.001,
  "bs": 128,
  "weight_decay": 0.0001,
  "student_model_name": "mobilenet-V3-large",
  "data_dir": "real_data",
  "n_classes": 4,
  "T": 0.2,
  "loss_ratio": 0.5,
  "greyscale": false,
  "pretrained": false,
  "train_split": 0.8,
  "filename": "mobilenet-V3-large_best-0.670545046426812_num_epochs-20_lr-0.001_bs-128_weight_decay-0.0001_data_dir-real_data_n_classes-4_T-0.2_loss_ratio-0.5_greyscale-False_pretrained-False_train_split-0.8",
  "train_speed": [
    1061.0492248535156,
    1314.7605319023132,
    1245.070433139801,
    1319.707628250122,
    1313.58158659935,
    1301.8673522472382,
    1351.1843662261963,
    1127.3080518245697,
    1307.1965537071228,
    1249.7686738967896,
    1007.7131173610687,
    1206.676748752594,
    629.0621590614319,
    25.934651136398315
  ],
  "inference_speed": [
    347.3770020008087,
    311.55152583122253,
    336.20210313796997,
    389.2163290977478,
    254.45355772972107,
    325.7368505001068,
    350.2509162425995,
    331.84285140037537,
    334.34418749809265,
    281.6935546398163,
    294.7290246486664,
    310.0372087955475,
    6.101830959320068,
    4.913589000701904
  ],
  "student_memory": 16.1424560546875,
  "student_num_params": 4207156,
  "train_loss": [
    0.7103436980492029,
    0.7094811522043668,
    0.7103439783438658,
    0.7108360724571424,
    0.7088989025507217,
    0.7081908067067464,
    0.7083298322481987,
    0.707781424277868,
    0.7075988387450194,
    0.707653358960763,
    0.7075219319416927,
    0.7074196876623692,
    0.70995056445782,
    0.7098341486392877
  ],
  "val_loss": [
    0.7150563244916954,
    0.7150546044719462,
    0.7150553635188511,
    0.7150677795312843,
    0.7141268739894945,
    0.7149334330948032,
    0.7148006217820304,
    0.7142453753218359,
    0.7146240557943072,
    0.7135752621962099,
    0.7142349408597363,
    0.7130056619644165,
    0.7113008511309721,
    0.7123099358714357
  ],
  "train_acc": [
    0.2597044159204532,
    0.39762731484877756,
    0.4113915599309481,
    0.4064058050131186,
    0.30932603279749554,
    0.27645121079224805,
    0.42564992881738223,
    0.43023949433595704,
    0.2519408832757901,
    0.3515580484500298,
    0.22731926639874775,
    0.2148370725986285,
    0.18587072644478236,
    0.23525641025641025
  ],
  "val_acc": [
    0.36677140362408694,
    0.3008648576785107,
    0.33176487015218153,
    0.3199080697127751,
    0.48570884125573294,
    0.4640173899884127,
    0.44232204982212614,
    0.5350376428390036,
    0.670545046426812,
    0.5757023083920382,
    0.6392367153751607,
    0.4107765056649033,
    0.41216867797228757,
    0.5624377800493824
  ],
  "F1_score": []
}