{
  "num_epochs": 20,
  "lr": 0.001,
  "bs": 128,
  "weight_decay": 0.0001,
  "student_model_name": "mobilenet-V3-large",
  "data_dir": "real_data",
  "n_classes": 4,
  "T": 0.5,
  "loss_ratio": 0.8,
  "greyscale": false,
  "pretrained": false,
  "train_split": 0.8,
  "filename": "mobilenet-V3-large_best-0.7240970317198305_num_epochs-20_lr-0.001_bs-128_weight_decay-0.0001_data_dir-real_data_n_classes-4_T-0.5_loss_ratio-0.8_greyscale-False_pretrained-False_train_split-0.8",
  "train_speed": [
    33.99485921859741,
    174.8728485107422,
    27.410555124282837,
    26.143778562545776,
    26.16505789756775,
    30.97820234298706,
    25.95668363571167,
    25.946850538253784,
    25.953981161117554,
    25.9701030254364,
    25.99685764312744,
    25.95812749862671,
    25.95361590385437,
    25.904877424240112,
    25.88325572013855,
    25.932408809661865,
    25.89758849143982,
    25.914129972457886,
    25.88717484474182,
    25.912614107131958
  ],
  "inference_speed": [
    5.6235268115997314,
    6.371076822280884,
    4.993833541870117,
    4.995368719100952,
    4.97978401184082,
    5.633658409118652,
    4.971707344055176,
    4.951523065567017,
    4.954479932785034,
    4.9501659870147705,
    4.931004524230957,
    4.943016052246094,
    4.943922758102417,
    4.9270830154418945,
    4.912213087081909,
    4.925080060958862,
    4.929544687271118,
    4.931578636169434,
    4.94208550453186,
    4.946571111679077
  ],
  "student_memory": 16.1424560546875,
  "student_num_params": 4207156,
  "train_loss": [
    0.31011815254504865,
    0.3097830998591888,
    0.3095267742108076,
    0.30985518785623406,
    0.3097743382820716,
    0.31045314226395043,
    0.31018644449038385,
    0.31025840257987,
    0.31009579652395003,
    0.3102976699670156,
    0.3102651339310866,
    0.3103849550088247,
    0.30999643879059036,
    0.310321361437822,
    0.3100064262365684,
    0.30999629956025343,
    0.30982087621322046,
    0.31069340170958104,
    0.310388895487174,
    0.31013068373386676
  ],
  "val_loss": [
    0.3123131242333626,
    0.31231304942345134,
    0.3123125148062803,
    0.3123097000073414,
    0.3123112856125345,
    0.31231097603330804,
    0.3123110751716458,
    0.312308814452619,
    0.3123093873870616,
    0.31230612312044415,
    0.3123047059896041,
    0.31217769883116897,
    0.3123083181527196,
    0.31229489311879993,
    0.31229266889241275,
    0.31160461659334143,
    0.3123075432923375,
    0.3113753728720607,
    0.31204551458358765,
    0.3120002345162995
  ],
  "train_acc": [
    0.3195379274013715,
    0.2643874645233154,
    0.3733262108304562,
    0.14698183765778175,
    0.30005787045527726,
    0.37051282051282053,
    0.4584045584385212,
    0.4801549145808587,
    0.48916488610781156,
    0.4626647079602266,
    0.48484686613082884,
    0.4829193376577817,
    0.4816951566781753,
    0.48401442307692305,
    0.48870192307692306,
    0.48594195154997016,
    0.4753605769230769,
    0.4849047364332737,
    0.4806356836587955,
    0.4737268518178891
  ],
  "val_acc": [
    0.24957612582615443,
    0.30543025111665534,
    0.1726488610919641,
    0.3791181864787121,
    0.5603184103965759,
    0.5891534965865466,
    0.6043118457404935,
    0.6358301700377951,
    0.5669953956895945,
    0.6300009330924676,
    0.6398550271987915,
    0.610001088405142,
    0.6341152312804241,
    0.6384900759677498,
    0.6851550827220995,
    0.5646504784116939,
    0.7240970317198305,
    0.5398480271806523,
    0.5490254784116939,
    0.6027757902534641
  ],
  "F1_score": []
}