{
  "num_epochs": 20,
  "lr": 0.001,
  "bs": 64,
  "weight_decay": 0.0001,
  "student_model_name": "mobilenet-V3-large",
  "data_dir": "real_data",
  "n_classes": 4,
  "T": 0.5,
  "loss_ratio": 0,
  "greyscale": false,
  "pretrained": false,
  "train_split": 0.85,
  "filename": "mobilenet-V3-large_best-0.6998108151840837_num_epochs-20_lr-0.001_bs-64_weight_decay-0.0001_data_dir-real_data_n_classes-4_T-0.5_loss_ratio-0_greyscale-False_pretrained-False_train_split-0.85",
  "train_speed": [
    925.238439321518,
    750.1261434555054,
    875.95063829422,
    627.2836437225342,
    938.5267357826233,
    995.3847365379333,
    549.7022898197174,
    749.2958040237427,
    45.396321058273315,
    33.72740435600281
  ],
  "inference_speed": [
    199.29557156562805,
    172.955956697464,
    254.34616231918335,
    216.99396300315857,
    223.00843238830566,
    196.96709275245667,
    252.10256838798523,
    208.70083284378052,
    5.080873966217041,
    3.7114524841308594
  ],
  "student_memory": 16.1424560546875,
  "student_num_params": 4207156,
  "train_loss": [
    1.3670442962416127,
    1.3588165707058377,
    1.3512983857721523,
    1.3476861260363444,
    1.3471440825485377,
    1.3460137602211772,
    1.3465714673489189,
    1.3449507781848815,
    1.3446940961091414,
    1.3456119140565108
  ],
  "val_loss": [
    1.3862878361793414,
    1.3794322291465655,
    1.376601558842071,
    1.380175528460986,
    1.3547450075410816,
    1.3725108218519655,
    1.364868219584635,
    1.3587833087738246,
    1.3697303174293205,
    1.3653422479760158
  ],
  "train_acc": [
    0.4077596618357488,
    0.6384629486263662,
    0.7316845669838541,
    0.7608048655272682,
    0.7934998275289213,
    0.8102247239886851,
    0.8045149673010417,
    0.8210457644024909,
    0.8348699534572841,
    0.7965730677768228
  ],
  "val_acc": [
    0.3196669243378182,
    0.4832978897715268,
    0.6595434709771039,
    0.6777300589705166,
    0.6998108151840837,
    0.6563121406999353,
    0.6117984970954999,
    0.6404730996040449,
    0.6852353068247233,
    0.528481274434965
  ],
  "F1_score": []
}