{
  "num_epochs": 20,
  "lr": 0.001,
  "bs": 128,
  "weight_decay": 0.0001,
  "student_model_name": "mobilenet-V3-large",
  "data_dir": "real_data",
  "n_classes": 4,
  "T": 0.6,
  "loss_ratio": 0.6,
  "greyscale": false,
  "pretrained": false,
  "train_split": 0.8,
  "filename": "mobilenet-V3-large_best-0.5726418616820355_num_epochs-20_lr-0.001_bs-128_weight_decay-0.0001_data_dir-real_data_n_classes-4_T-0.6_loss_ratio-0.6_greyscale-False_pretrained-False_train_split-0.8",
  "train_speed": [
    34.198856592178345,
    26.0028715133667,
    26.20927333831787,
    26.094224214553833,
    26.103683471679688,
    26.053894758224487,
    560.3675520420074,
    740.0482819080353
  ],
  "inference_speed": [
    5.600090503692627,
    4.947508811950684,
    4.93987250328064,
    4.972172021865845,
    4.97592568397522,
    4.9449403285980225,
    159.9934024810791,
    168.32166028022766
  ],
  "student_memory": 16.1424560546875,
  "student_num_params": 4207156,
  "train_loss": [
    0.5778071131461706,
    0.5751016283646608,
    0.573680895108443,
    0.5747394277499273,
    0.5742133430945567,
    0.5720843874491178,
    0.5703105480242998,
    0.570392987361321
  ],
  "val_loss": [
    0.5808086006008849,
    0.5808077296432184,
    0.5807953245785772,
    0.580756456268077,
    0.5803367021132488,
    0.5807691021841399,
    0.580734232250525,
    0.580643571152979
  ],
  "train_acc": [
    0.3275106838116279,
    0.19220085472632678,
    0.23678329770381634,
    0.3133324430539058,
    0.2624643874474061,
    0.23474002847304712,
    0.4147702991198271,
    0.42804042024490163
  ],
  "val_acc": [
    0.33705745971932705,
    0.37182289057848406,
    0.5726418616820355,
    0.5375458865749593,
    0.3260756280957436,
    0.4207705946601167,
    0.3924216025946092,
    0.4832589279632179
  ],
  "F1_score": []
}