{
  "num_epochs": 20,
  "lr": 0.001,
  "bs": 256,
  "weight_decay": 0,
  "student_model_name": "mobilenet-V3-small",
  "data_dir": "real_data",
  "n_classes": 4,
  "T": 4,
  "loss_ratio": 0.5,
  "greyscale": false,
  "pretrained": false,
  "train_split": 0.8,
  "filename": "mobilenet-V3-small_best-0.9762499976158142_num_epochs-20_lr-0.001_bs-256_weight_decay-0_data_dir-real_data_n_classes-4_T-4_loss_ratio-0.5_greyscale-False_pretrained-False_train_split-0.8",
  "train_speed": [
    175.67132019996643,
    137.7762725353241,
    106.78002524375916,
    53.1041898727417,
    54.661789417266846,
    454.8862142562866,
    98.18183159828186,
    21.25907588005066,
    21.278616428375244,
    21.28749990463257,
    21.261433839797974,
    21.239434957504272,
    21.238653421401978,
    21.228659629821777,
    21.248061418533325,
    390.4732804298401,
    464.5542848110199,
    1038.5630915164948,
    393.150043964386,
    25.965511322021484
  ],
  "inference_speed": [
    132.02041244506836,
    127.61211943626404,
    81.10990452766418,
    118.61198163032532,
    85.42647886276245,
    230.38867449760437,
    5.336093187332153,
    4.712675094604492,
    4.722107172012329,
    4.722316026687622,
    4.707534551620483,
    4.722605228424072,
    4.698297739028931,
    4.708455324172974,
    4.701526403427124,
    252.49169278144836,
    142.32575607299805,
    196.3958842754364,
    33.45789098739624,
    5.193149566650391
  ],
  "student_memory": 5.852264404296875,
  "student_num_params": 1521956,
  "train_loss": [
    2.715604689048261,
    0.6579345908700204,
    0.32348105737141203,
    0.22709160693445984,
    0.17796432416962119,
    0.14837634662280277,
    0.13528581206895868,
    0.13333744783790744,
    0.10310304301733873,
    0.10635444510500042,
    0.08816553519240447,
    0.0750264861830035,
    0.0699795097188682,
    0.0692278374062509,
    0.06190418125111229,
    0.06138862209508614,
    0.056033571497822295,
    0.052349897785758485,
    0.05581864783046197,
    0.07033707114050583
  ],
  "val_loss": [
    8.857075080871581,
    8.715514373779296,
    8.667021255493164,
    8.588867721557618,
    7.423023777008057,
    2.0988886547088623,
    0.6045256197452545,
    0.33862459361553193,
    0.2995626896619797,
    0.5853680408000946,
    0.30378508746623994,
    0.23041187822818757,
    0.26051462173461915,
    0.22619949758052826,
    0.22263531446456908,
    0.2645039287209511,
    0.25751526951789855,
    0.2533607530593872,
    0.321944414973259,
    0.4270885270833969
  ],
  "train_acc": [
    0.8209059664181301,
    0.947061897540579,
    0.9724348071886568,
    0.9801454434589464,
    0.9853493480049834,
    0.9895346158621262,
    0.9915453159079259,
    0.9894770408163265,
    0.9939590418825344,
    0.9938394628009017,
    0.9946588010204082,
    0.9962930484693877,
    0.9961336096938775,
    0.9960538903061225,
    0.9963727678571429,
    0.9969706632653061,
    0.9967315051020408,
    0.9972851118262933,
    0.9971301020408163,
    0.9953364158163265
  ],
  "val_acc": [
    0.4669740843772888,
    0.4669740843772888,
    0.4669740843772888,
    0.4669740843772888,
    0.5610327744483947,
    0.9026791143417359,
    0.9504115843772888,
    0.9649618887901306,
    0.9699428343772888,
    0.9520922231674195,
    0.9681059432029724,
    0.9762309432029724,
    0.9718178343772889,
    0.9756059432029724,
    0.9762499976158142,
    0.9718749976158142,
    0.9734374976158142,
    0.9754306387901306,
    0.9680868887901306,
    0.9577743887901307
  ],
  "F1_score": []
}