{
  "num_epochs": 20,
  "lr": 0.001,
  "bs": 32,
  "weight_decay": 0,
  "student_model_name": "mobilenet-V3-small",
  "train_dir": "real_data",
  "val_dir": "val",
  "n_classes": 4,
  "T": 4,
  "loss_ratio": 0.5,
  "greyscale": false,
  "pretrained": false,
  "train_split": 0.8,
  "teacher_model_name": "vgg16",
  "finetuned": false,
  "conditional": true,
  "curriculum": false,
  "cosine_decay": false,
  "filename": "mobilenet-V3-small-best;0.98002-lr;0.001-bs;32-weight_decay;0-train_dir;real_data-val_dir;val-T;4-loss_ratio;0.5-conditional;True-curriculum;False-cosine_decay;False",
  "train_speed": [
    1085.3841104507446,
    117.44341492652893,
    70.52213835716248,
    70.53982758522034,
    70.39880681037903,
    296.8324227333069,
    917.9005401134491,
    125.36407899856567,
    70.14256191253662,
    70.02179479598999,
    70.14382004737854,
    70.03186416625977,
    70.13631176948547,
    70.1091513633728,
    70.02986168861389,
    70.15581750869751,
    70.11919593811035,
    71.7083249092102,
    70.31444883346558,
    70.29731178283691
  ],
  "inference_speed": [
    5.219553232192993,
    4.716121673583984,
    3.708867311477661,
    3.70605206489563,
    3.7162084579467773,
    5.838079452514648,
    5.175288200378418,
    4.699731349945068,
    3.659921884536743,
    3.66292142868042,
    3.6626384258270264,
    3.6543428897857666,
    3.68057918548584,
    3.663320302963257,
    3.6630733013153076,
    3.6706554889678955,
    3.662747383117676,
    4.730696439743042,
    3.6902337074279785,
    3.6937992572784424
  ],
  "student_memory": 5.852264404296875,
  "student_num_params": 1521956,
  "train_loss": [
    0.1580953163545644,
    0.044043763400938934,
    0.029058441556109555,
    0.024285783949102305,
    0.021742581762182016,
    0.019897774974829904,
    0.016447730945808026,
    0.015161215385349366,
    0.015232258190722506,
    0.014098480629532733,
    0.011709755464966188,
    0.010899579029469027,
    0.010737126482911944,
    0.010610456643042223,
    0.00968676505269117,
    0.00823899887859695,
    0.008545601051439554,
    0.007968931966906323,
    0.007374472914690502,
    0.0073424661253269794
  ],
  "val_loss": [
    0.08889294896832071,
    0.07071223830399638,
    0.07771927221357579,
    0.06000033969233255,
    0.12130077688603616,
    0.05649134251060056,
    0.18222561209523652,
    0.04967760388380619,
    0.04387374746195254,
    0.057251412524044,
    0.04457300960813405,
    0.04265523757632883,
    0.04570949322555489,
    0.04243586611405366,
    0.03966009377103039,
    0.04291445220158374,
    0.038890758746391405,
    0.03861008717828301,
    0.03904325366459146,
    0.04195217594225723
  ],
  "train_acc": [
    0.8967853190352468,
    0.9643672425357313,
    0.9742099177800617,
    0.9785136176772867,
    0.9810187564234327,
    0.9827852004110997,
    0.9861896197327852,
    0.9868813740876327,
    0.9861426793291537,
    0.9886305241521068,
    0.9898682702849605,
    0.9905254367934224,
    0.991610008729325,
    0.9921634121274409,
    0.9926772867420349,
    0.9937050359712231,
    0.993672918807811,
    0.9943794964028777,
    0.9949897225077081,
    0.9944116135662898
  ],
  "val_acc": [
    0.9440596045040693,
    0.943758909819556,
    0.9420772453800577,
    0.9588159303196141,
    0.9140680683929412,
    0.9618340163934426,
    0.8829294369846094,
    0.9687054528564704,
    0.9727481290942332,
    0.9598962049015233,
    0.9733606557377049,
    0.9769467213114754,
    0.97059871720486,
    0.9756659836065574,
    0.9764344262295082,
    0.9708548647458436,
    0.9763341946680038,
    0.9800204918032787,
    0.9779713114754098,
    0.9730042766352169
  ],
  "train_F1_score": [
    0.8967853189975492,
    0.9643672424697605,
    0.9742099177800617,
    0.9785136176772867,
    0.9810187564234327,
    0.9827852004110997,
    0.9861896197327852,
    0.9868813740216618,
    0.9861426792631829,
    0.9886305241521068,
    0.9898682702189896,
    0.9905254367934224,
    0.9916100086963396,
    0.9921634121274409,
    0.9926772867420349,
    0.9937050359712231,
    0.993672918807811,
    0.9943794964028777,
    0.9949897225077081,
    0.9944116135662898
  ],
  "val_F1_score": [
    0.944059604419102,
    0.9437589094796863,
    0.942077245188881,
    0.9588159301496793,
    0.914068068424804,
    0.9618340163934426,
    0.8829294369208839,
    0.968705452601568,
    0.9727481290092659,
    0.9598962045616536,
    0.9733606557377049,
    0.9769467213114754,
    0.9705987170349252,
    0.9756659836065574,
    0.9764344262295082,
    0.9708548645759089,
    0.9763341945830364,
    0.9800204918032787,
    0.9779713114754098,
    0.9730042765502495
  ],
  "batch_time": [
    0.07570457458496094,
    0.0660250186920166,
    0.05559873580932617,
    0.055512189865112305,
    0.055425167083740234,
    0.05839800834655762,
    0.07550334930419922,
    0.0636897087097168,
    0.055336713790893555,
    0.055188655853271484,
    0.05521798133850098,
    0.05534005165100098,
    0.055208444595336914,
    0.055159568786621094,
    0.05528140068054199,
    0.05539894104003906,
    0.055341482162475586,
    0.05691981315612793,
    0.055539846420288086,
    0.05538201332092285
  ]
}