{
  "num_epochs": 20,
  "lr": 0.001,
  "bs": 128,
  "weight_decay": 0,
  "student_model_name": "mobilenet-V3-large",
  "data_dir": "real_data",
  "n_classes": 4,
  "T": 0.1,
  "loss_ratio": 0.5,
  "greyscale": false,
  "pretrained": false,
  "train_split": 0.8,
  "filename": "mobilenet-V3-large_best-0.8350547527780339_num_epochs-20_lr-0.001_bs-128_weight_decay-0_data_dir-real_data_n_classes-4_T-0.1_loss_ratio-0.5_greyscale-False_pretrained-False_train_split-0.8",
  "train_speed": [
    521.877833366394,
    278.7397918701172,
    25.898236989974976,
    25.856523752212524,
    25.88315176963806,
    25.87982201576233,
    25.886077642440796,
    25.878477573394775,
    25.894636869430542,
    25.911089181900024,
    25.921096086502075,
    25.89657950401306,
    25.92314910888672,
    25.894250869750977,
    25.929340839385986,
    25.937209606170654,
    26.130433797836304,
    25.89581322669983,
    25.829728364944458,
    25.83955717086792
  ],
  "inference_speed": [
    408.30485439300537,
    5.815379619598389,
    4.991676092147827,
    4.971216917037964,
    4.975400447845459,
    4.96190619468689,
    4.97647762298584,
    4.991683006286621,
    4.978702783584595,
    5.00855827331543,
    4.979646921157837,
    4.9578633308410645,
    4.964636325836182,
    4.98456335067749,
    5.009842872619629,
    4.989469051361084,
    4.952831745147705,
    4.9998626708984375,
    4.954702138900757,
    4.982285737991333
  ],
  "student_memory": 16.1424560546875,
  "student_num_params": 4207156,
  "train_loss": [
    -23196111.185381528,
    -324386889.35384613,
    -1293301769.1897435,
    -3236869168.574359,
    -6406271180.8,
    -11016411792.410257,
    -17255262864.410255,
    -25259806320.902565,
    -35147186827.15897,
    -46960828184.94359,
    -60894892872.20513,
    -76986235919.75385,
    -95506779466.83076,
    -116866521035.48718,
    -141213985282.62564,
    -169255508713.68204,
    -200685556657.23077,
    -236255690667.9795,
    -274722197609.02563,
    -317563442097.2308
  ],
  "val_loss": [
    -1240668.5548469387,
    -10711370.775510205,
    -4722982546.285714,
    -7126327933.387755,
    -16853113897.795918,
    -20873931483.42857,
    -29548514993.632652,
    -41474884336.32653,
    -49933100178.28571,
    -74265687019.10204,
    -93322573531.42857,
    -105631776433.63266,
    -142600020302.36734,
    -162281240283.42856,
    -187113028294.5306,
    -221227088916.89795,
    -251000638401.30612,
    -294836945899.10205,
    -342399807571.59186,
    -365957498503.83673
  ],
  "train_acc": [
    0.708061787715325,
    0.8011930199769827,
    0.822177706620632,
    0.8323450855719737,
    0.8301326568310078,
    0.8311431624950507,
    0.8292245369691115,
    0.8212873932642815,
    0.8224537036357782,
    0.8174634973208109,
    0.819715990164341,
    0.8164618947567084,
    0.8134882477613595,
    0.817089565594991,
    0.8126379986604054,
    0.8186164528895647,
    0.8101940882511628,
    0.8175658831229576,
    0.8113960113280859,
    0.8135995369691115
  ],
  "val_acc": [
    0.46704672672310654,
    0.46720616549861677,
    0.8236451586898492,
    0.8229179625608483,
    0.8296338344106868,
    0.8349653117510737,
    0.8333009262474216,
    0.8302715895127277,
    0.8350547527780339,
    0.8347358752270134,
    0.8320254160433399,
    0.8248506711453808,
    0.8184731201249726,
    0.8315470997168093,
    0.8317065384923196,
    0.8309093446147685,
    0.8269233752270134,
    0.8205458242066053,
    0.8082690384923196,
    0.7918274013363585
  ],
  "F1_score": []
}