{
  "num_epochs": 20,
  "lr": 0.001,
  "bs": 64,
  "weight_decay": 0.0001,
  "student_model_name": "mobilenet-V3-small",
  "data_dir": "real_data",
  "n_classes": 4,
  "T": 0.5,
  "loss_ratio": 0,
  "greyscale": false,
  "pretrained": false,
  "train_split": 0.85,
  "filename": "mobilenet-V3-small_best-0.7507871185263543_num_epochs-20_lr-0.001_bs-64_weight_decay-0.0001_data_dir-real_data_n_classes-4_T-0.5_loss_ratio-0_greyscale-False_pretrained-False_train_split-0.85",
  "train_speed": [
    939.5506634712219,
    723.9497797489166,
    879.5207867622375,
    627.0836808681488,
    917.7864713668823,
    991.6092190742493,
    527.9418115615845,
    749.5769169330597
  ],
  "inference_speed": [
    185.07275676727295,
    199.13761186599731,
    250.78019046783447,
    217.198233127594,
    243.7687964439392,
    200.75954866409302,
    273.8604898452759,
    208.40261793136597
  ],
  "student_memory": 5.852264404296875,
  "student_num_params": 1521956,
  "train_loss": [
    1.3597060079159944,
    1.3529837168933112,
    1.3493816095273852,
    1.3462132091683465,
    1.3467995406348925,
    1.3460938507232114,
    1.3458941057684342,
    1.3457881569286476
  ],
  "val_loss": [
    1.386263279065694,
    1.36460192726083,
    1.3760287320777163,
    1.3714641381616461,
    1.3597725221555528,
    1.36548970170217,
    1.3783679547375196,
    1.3571290545267602
  ],
  "train_acc": [
    0.5403349293026947,
    0.6918726276948256,
    0.7336201692260982,
    0.7828890615039401,
    0.7821450138437576,
    0.7987135524911005,
    0.7962010439467315,
    0.8014794685990339
  ],
  "val_acc": [
    0.31930098305009813,
    0.5933495359878017,
    0.7507871185263543,
    0.6349080311108942,
    0.6148434044563607,
    0.5867487845355517,
    0.2543912946361385,
    0.5310221494060673
  ],
  "F1_score": []
}