{
  "num_epochs": 20,
  "lr": 0.001,
  "bs": 1024,
  "weight_decay": 0,
  "student_model_name": "mobilenet-V3-small",
  "data_dir": "real_data",
  "n_classes": 4,
  "T": 0.2,
  "loss_ratio": 0.5,
  "greyscale": false,
  "pretrained": false,
  "train_split": 0.8,
  "filename": "mobilenet-V3-small_best-0.6982864141464233_num_epochs-20_lr-0.001_bs-1024_weight_decay-0_data_dir-real_data_n_classes-4_T-0.2_loss_ratio-0.5_greyscale-False_pretrained-False_train_split-0.8",
  "train_speed": [
    498.6155071258545,
    256.99268889427185,
    31.813133239746094,
    26.161927223205566,
    28.85596799850464,
    28.503836631774902,
    28.35383939743042,
    23.747302055358887,
    21.950080394744873,
    185.1850016117096,
    55.626187324523926,
    29.845903158187866,
    49.53268384933472,
    31.14028024673462,
    32.194987773895264,
    31.02489995956421,
    30.577655792236328,
    31.742774963378906,
    30.898301124572754,
    37.816354513168335
  ],
  "inference_speed": [
    166.75522661209106,
    9.157999753952026,
    5.761763572692871,
    4.986189365386963,
    10.951754331588745,
    9.346002101898193,
    4.8356239795684814,
    4.809127569198608,
    4.800933837890625,
    10.81416130065918,
    6.738200664520264,
    11.927144527435303,
    10.24667501449585,
    11.156328678131104,
    11.014074325561523,
    11.070308923721313,
    11.087911605834961,
    16.84997582435608,
    12.08523941040039,
    10.290248394012451
  ],
  "student_memory": 5.852264404296875,
  "student_num_params": 1521956,
  "train_loss": [
    0.806881148815155,
    0.41945563554763793,
    0.25465591967105866,
    0.16203253835439682,
    0.10097090363502502,
    0.08160350635647774,
    0.06264393925666809,
    0.034721461683511735,
    0.04410222783684731,
    0.042835479825735094,
    0.03375733837485313,
    0.036999870613217356,
    0.037206506505608555,
    0.028641869761049748,
    0.01648107320070267,
    0.013674370925873518,
    0.01256753522902727,
    0.013532654736191035,
    0.013555475259199739,
    0.01816095732152462
  ],
  "val_loss": [
    1.2970388616834367,
    1.2838013001850672,
    1.2725614990506853,
    1.2790762526648385,
    1.2437673466546195,
    1.2443332842418127,
    1.256952234676906,
    1.248349360057286,
    1.2644784791128976,
    1.252922603062221,
    1.261119314602443,
    1.2549386535372054,
    1.2267285585403442,
    1.1969646045139857,
    1.1683406659534998,
    1.2254739999771118,
    0.9908734389713832,
    1.3073507377079554,
    1.1967601776123047,
    0.7717656493186951
  ],
  "train_acc": [
    0.6747256088256836,
    0.841683497428894,
    0.9175019049644471,
    0.9507879185676574,
    0.9720960354804993,
    0.9776133751869202,
    0.982740089893341,
    0.990523054599762,
    0.9884918045997619,
    0.9886337637901306,
    0.9911042284965516,
    0.9905868887901306,
    0.9903086876869202,
    0.9924466443061829,
    0.9956107068061829,
    0.9964843726158142,
    0.9968264079093934,
    0.9964843726158142,
    0.9961280465126038,
    0.9951028943061828
  ],
  "val_acc": [
    0.4665927120617458,
    0.36567671809877667,
    0.36567671809877667,
    0.36567671809877667,
    0.4665927120617458,
    0.4665927120617458,
    0.36567671809877667,
    0.4665927120617458,
    0.4665927120617458,
    0.4665927120617458,
    0.4665927120617458,
    0.4665927120617458,
    0.4665927120617458,
    0.4665927120617458,
    0.4665927120617458,
    0.4665927120617458,
    0.6982864141464233,
    0.5444931387901306,
    0.5663994380405971,
    0.6795956236975533
  ],
  "F1_score": []
}