{
  "num_epochs": 20,
  "lr": 0.001,
  "bs": 128,
  "weight_decay": 0.0001,
  "student_model_name": "mobilenet-V3-large",
  "data_dir": "real_data",
  "n_classes": 4,
  "T": 0.2,
  "loss_ratio": 0.6,
  "greyscale": false,
  "pretrained": false,
  "train_split": 0.8,
  "filename": "mobilenet-V3-large_best-0.5480299579853914_num_epochs-20_lr-0.001_bs-128_weight_decay-0.0001_data_dir-real_data_n_classes-4_T-0.2_loss_ratio-0.6_greyscale-False_pretrained-False_train_split-0.8",
  "train_speed": [
    1061.1425144672394,
    1314.7544808387756,
    1245.0480806827545,
    1319.7108545303345,
    1313.5545680522919,
    1301.8654839992523,
    1351.1806988716125,
    1127.3067469596863,
    1307.2137489318848,
    1249.7632348537445,
    1007.696014881134,
    1206.672057390213,
    629.0340995788574,
    29.92055368423462,
    25.64110279083252,
    25.66901183128357,
    25.655646800994873
  ],
  "inference_speed": [
    347.37825107574463,
    311.55807852745056,
    336.19874453544617,
    389.21675992012024,
    254.46074151992798,
    325.74128103256226,
    350.25465416908264,
    331.8438436985016,
    334.3477373123169,
    281.70119190216064,
    294.7240557670593,
    310.04348492622375,
    6.115701675415039,
    5.494085788726807,
    4.8718039989471436,
    4.872252464294434,
    4.888310194015503
  ],
  "student_memory": 16.1424560546875,
  "student_num_params": 4207156,
  "train_loss": [
    0.5765666558192326,
    0.5772022387920281,
    0.5774319034356338,
    0.5752068140567878,
    0.5748308897018433,
    0.574137564500173,
    0.5746284604072571,
    0.5740130589558528,
    0.5737794619340163,
    0.5737002094586691,
    0.5737611110393818,
    0.5731536761308328,
    0.5736979704636794,
    0.5735086196508163,
    0.5728114143396035,
    0.5733780518556253,
    0.5736586689949036
  ],
  "val_loss": [
    0.5808086078994128,
    0.5808083463688286,
    0.5807606711679575,
    0.5805004981099343,
    0.5793206399800827,
    0.5806290422167096,
    0.5802582624007244,
    0.5797494236303835,
    0.5784285372617294,
    0.5804664334472345,
    0.5791031292506627,
    0.5781962299833492,
    0.5784081804509066,
    0.5771871780862614,
    0.5784754388186396,
    0.5782074818805772,
    0.5782601967149851
  ],
  "train_acc": [
    0.3154870014924269,
    0.4514066952925462,
    0.3123753561423375,
    0.30248842590894454,
    0.300249287715325,
    0.30595619663214074,
    0.254513888939833,
    0.17978543455784138,
    0.2043936965557245,
    0.15987357550706618,
    0.15185630344427548,
    0.16848290593196183,
    0.1483929843474657,
    0.1604878917718545,
    0.16737891741288013,
    0.16124465809418606,
    0.1595397079602266
  ],
  "val_acc": [
    0.3523635821683066,
    0.36964130158327063,
    0.27749735542706083,
    0.4298663820539202,
    0.43085412468229023,
    0.40701997219299785,
    0.40409952037188474,
    0.41001819895238295,
    0.4578692754920648,
    0.49835505777475786,
    0.46021030326278844,
    0.5480299579853914,
    0.4179395838659637,
    0.4745209058936761,
    0.4691972063512218,
    0.48054846877954444,
    0.43824663940741093
  ],
  "F1_score": []
}