{
  "num_epochs": 20,
  "lr": 0.001,
  "bs": 128,
  "weight_decay": 0.0001,
  "student_model_name": "mobilenet-V3-large",
  "data_dir": "real_data",
  "n_classes": 4,
  "T": 0.6,
  "loss_ratio": 0.5,
  "greyscale": false,
  "pretrained": false,
  "train_split": 0.8,
  "filename": "mobilenet-V3-large_best-0.6853028548007108_num_epochs-20_lr-0.001_bs-128_weight_decay-0.0001_data_dir-real_data_n_classes-4_T-0.6_loss_ratio-0.5_greyscale-False_pretrained-False_train_split-0.8",
  "train_speed": [
    34.11147713661194,
    26.069700956344604,
    26.025431394577026,
    26.06505250930786,
    26.06336259841919,
    26.051055908203125,
    26.03314733505249,
    26.05632972717285,
    26.023808479309082,
    25.96177315711975,
    25.969619035720825,
    25.944369077682495
  ],
  "inference_speed": [
    5.627250671386719,
    4.962545156478882,
    4.970898628234863,
    4.962876796722412,
    4.9878880977630615,
    4.974449396133423,
    4.979310512542725,
    4.973543167114258,
    4.956660509109497,
    4.93970513343811,
    4.934847116470337,
    4.951210021972656
  ],
  "student_memory": 16.1424560546875,
  "student_num_params": 4207156,
  "train_loss": [
    0.7107983090938665,
    0.7086102733245263,
    0.7108509403008682,
    0.708433417784862,
    0.7074129122954148,
    0.702395944411938,
    0.7018467466036479,
    0.7013812456375513,
    0.700977609707759,
    0.7014662131285057,
    0.7010124830099252,
    0.7007787973452837
  ],
  "val_loss": [
    0.7150563244916954,
    0.715056054446162,
    0.715052166763617,
    0.7153755998124882,
    0.7143580256676187,
    0.7145994232625378,
    0.7146191244222679,
    0.7142846997903318,
    0.7147173674739137,
    0.7116994553682755,
    0.7133152679521211,
    0.7141786156868448
  ],
  "train_acc": [
    0.3626558048602862,
    0.4119257478377758,
    0.4351406694986881,
    0.3847845441637895,
    0.5197337963642218,
    0.6758012820512821,
    0.6292111824720333,
    0.6464253917718545,
    0.6034499645233155,
    0.5870281338691712,
    0.6286324785305903,
    0.6515402420973166
  ],
  "val_acc": [
    0.4202533905603448,
    0.28777143480826395,
    0.5227491904278191,
    0.15273068054598204,
    0.48485331571831997,
    0.5073730702302894,
    0.6853028548007108,
    0.6547411643728918,
    0.5953132777797933,
    0.5752900996986701,
    0.6316147641259797,
    0.675238768665158
  ],
  "F1_score": []
}