{
  "num_epochs": 20,
  "lr": 0.001,
  "bs": 1024,
  "weight_decay": 0,
  "student_model_name": "mobilenet-V3-small",
  "data_dir": "real_data",
  "n_classes": 4,
  "T": 0.1,
  "loss_ratio": 0.5,
  "greyscale": false,
  "pretrained": false,
  "train_split": 0.8,
  "filename": "mobilenet-V3-small_best-0.4665927120617458_num_epochs-20_lr-0.001_bs-1024_weight_decay-0_data_dir-real_data_n_classes-4_T-0.1_loss_ratio-0.5_greyscale-False_pretrained-False_train_split-0.8",
  "train_speed": [
    498.60775327682495,
    256.99553060531616,
    31.812912464141846,
    26.26227045059204,
    28.77740740776062,
    28.501725435256958,
    28.400417804718018,
    23.18445348739624
  ],
  "inference_speed": [
    166.75280022621155,
    9.163780689239502,
    5.656930923461914,
    5.094909429550171,
    10.927709817886353,
    9.349457263946533,
    5.183239698410034,
    4.7407145500183105
  ],
  "student_memory": 5.852264404296875,
  "student_num_params": 1521956,
  "train_loss": [
    0.9638357710838318,
    0.5527354228496552,
    0.4048004996776581,
    0.27337751150131223,
    0.1999300354719162,
    0.17076476633548737,
    0.11586936235427857,
    0.09623338431119918
  ],
  "val_loss": [
    1.2788413252149309,
    1.2463133505412511,
    1.254037891115461,
    1.2578594854899816,
    1.2626171963555473,
    1.2704094988959176,
    1.3141693217413766,
    1.3725040980747767
  ],
  "train_acc": [
    0.650247712135315,
    0.8059584593772888,
    0.8753734731674194,
    0.9240215301513672,
    0.9501781606674194,
    0.9605040001869202,
    0.9746598696708679,
    0.978872902393341
  ],
  "val_acc": [
    0.4665927120617458,
    0.4665927120617458,
    0.4665927120617458,
    0.36567671809877667,
    0.36567671809877667,
    0.36567671809877667,
    0.36567671809877667,
    0.36567671809877667
  ],
  "F1_score": []
}