{
  "num_epochs": 20,
  "lr": 0.001,
  "bs": 256,
  "weight_decay": 0,
  "student_model_name": "mobilenet-V3-large",
  "data_dir": "real_data",
  "n_classes": 4,
  "T": 6,
  "loss_ratio": 0.5,
  "greyscale": false,
  "pretrained": false,
  "train_split": 0.8,
  "filename": "mobilenet-V3-large_best-0.9829687476158142_num_epochs-20_lr-0.001_bs-256_weight_decay-0_data_dir-real_data_n_classes-4_T-6_loss_ratio-0.5_greyscale-False_pretrained-False_train_split-0.8",
  "train_speed": [
    30.523428678512573,
    42.292657136917114,
    26.533594131469727,
    26.83904004096985,
    25.438788175582886,
    25.38389492034912,
    25.354790449142456,
    25.355234146118164,
    25.38633441925049,
    25.347492933273315,
    25.364726781845093,
    25.42288041114807,
    25.385230541229248,
    25.428988695144653,
    25.38094139099121,
    25.407113313674927,
    25.36336398124695,
    25.27172565460205,
    25.272953748703003,
    25.26926016807556
  ],
  "inference_speed": [
    4.966950416564941,
    5.503510475158691,
    4.968773603439331,
    4.992902994155884,
    4.995328903198242,
    4.96999192237854,
    4.980532169342041,
    4.9863362312316895,
    4.980311870574951,
    4.981737375259399,
    4.970136880874634,
    4.98235559463501,
    4.976196527481079,
    5.005423307418823,
    4.980594158172607,
    4.983553886413574,
    4.994210720062256,
    4.945850849151611,
    4.9457361698150635,
    4.9377360343933105
  ],
  "student_memory": 16.1424560546875,
  "student_num_params": 4207156,
  "train_loss": [
    3.500622664179121,
    0.7820712790197256,
    0.4182326091187341,
    0.28450761811465636,
    0.22756439857945152,
    0.1937482556214138,
    0.18392408623987314,
    0.1624197031618381,
    0.15402794606527503,
    0.13842835649847984,
    0.11897466111243987,
    0.1086104718246022,
    0.10149484276011282,
    0.09293581035976507,
    0.08832743828546027,
    0.08060006622453125,
    0.07283524420036346,
    0.0665455591313693,
    0.062018200755119324,
    0.06142999581536468
  ],
  "val_loss": [
    16.51115924835205,
    15.912617835998535,
    16.458662300109864,
    16.99446937561035,
    17.501489944458008,
    12.344011611938477,
    2.724115047454834,
    0.4970516133308411,
    0.3049710458517075,
    0.3014921569824219,
    0.2907706034183502,
    0.3062723517417908,
    0.30322831630706787,
    0.5280358076095581,
    0.30276395976543424,
    0.24836629509925842,
    0.23572397232055664,
    0.22840766489505768,
    0.22855989933013915,
    0.24786489486694335
  ],
  "train_acc": [
    0.8517396541274324,
    0.9558664615056953,
    0.9753755671637399,
    0.985544217484338,
    0.9901945153061225,
    0.9923646541274324,
    0.9928252551020408,
    0.9942779194335548,
    0.9943974985151874,
    0.9949378188775511,
    0.9962709041274324,
    0.9959343112244898,
    0.9969706632653061,
    0.9970680980049834,
    0.9972098214285714,
    0.9971478173927385,
    0.9974268352498814,
    0.9981664540816326,
    0.9981664540816326,
    0.9980070153061225
  ],
  "val_acc": [
    0.3700457310676575,
    0.4669740843772888,
    0.4669740843772888,
    0.4669740843772888,
    0.4669740843772888,
    0.5123628044128418,
    0.9009794187545777,
    0.9709184432029724,
    0.9745121932029724,
    0.9770312476158142,
    0.9774809432029724,
    0.9767187476158142,
    0.9776371932029724,
    0.9756249976158142,
    0.9801562476158142,
    0.9804496932029724,
    0.9823437476158142,
    0.9818749976158142,
    0.9815434432029724,
    0.9829687476158142
  ],
  "F1_score": []
}