{
  "num_epochs": 20,
  "lr": 0.001,
  "bs": 128,
  "weight_decay": 0.0001,
  "student_model_name": "mobilenet-V3-large",
  "data_dir": "real_data",
  "n_classes": 4,
  "T": 0.8,
  "loss_ratio": 0.5,
  "greyscale": false,
  "pretrained": false,
  "train_split": 0.8,
  "filename": "mobilenet-V3-large_best-0.7612851541869494_num_epochs-20_lr-0.001_bs-128_weight_decay-0.0001_data_dir-real_data_n_classes-4_T-0.8_loss_ratio-0.5_greyscale-False_pretrained-False_train_split-0.8",
  "train_speed": [
    463.34609150886536,
    449.44396328926086,
    152.18926453590393,
    26.04967951774597,
    26.075279712677002,
    26.070688009262085,
    26.083881616592407,
    29.878994703292847,
    499.1138496398926,
    616.9364194869995,
    251.48972296714783,
    32.718379497528076,
    26.189783573150635,
    26.12622618675232,
    142.90527892112732,
    33.52429723739624,
    29.111218690872192,
    33.94734764099121
  ],
  "inference_speed": [
    145.8376076221466,
    99.50540947914124,
    5.7742133140563965,
    4.939874887466431,
    4.945272445678711,
    4.949650764465332,
    4.943324565887451,
    90.61131405830383,
    158.6786241531372,
    194.9032166004181,
    15.698518753051758,
    5.5693747997283936,
    5.108691692352295,
    4.953594446182251,
    14.94059944152832,
    6.650192499160767,
    11.673348188400269,
    6.911949157714844
  ],
  "student_memory": 16.1424560546875,
  "student_num_params": 4207156,
  "train_loss": [
    0.7119089808219519,
    0.7125460566618503,
    0.7122633772018628,
    0.7126593574499472,
    0.7116887541917655,
    0.7109840506162399,
    0.710797805358202,
    0.7100398396834349,
    0.7098986964959365,
    0.7096250372055249,
    0.7096430738766988,
    0.7094500083189744,
    0.7094210872283349,
    0.709325548624381,
    0.7093997050554325,
    0.7091927363322331,
    0.7090669592221578,
    0.7092360190856151
  ],
  "val_loss": [
    0.7150563244916954,
    0.7150545132403471,
    0.7150538113652444,
    0.714976584424778,
    0.7139656628881182,
    0.715032024042947,
    0.714960156654825,
    0.7149520832665113,
    0.7147878104326676,
    0.7149092725345066,
    0.714951927564582,
    0.7149694695764658,
    0.7147909305533584,
    0.7130731113102972,
    0.7145438620022365,
    0.7147358643765352,
    0.7148663206976287,
    0.7146153377026928
  ],
  "train_acc": [
    0.41235309823965416,
    0.43378739326428145,
    0.45754095438199166,
    0.4583288817833632,
    0.3205172720627907,
    0.1253338675468396,
    0.10835559115960047,
    0.15202991450444245,
    0.15742076211250744,
    0.15031160972057245,
    0.14217414527367322,
    0.1500044515499702,
    0.14371438744740608,
    0.1491319444699165,
    0.15593393872945738,
    0.1524261039801133,
    0.1457264957519678,
    0.13940527064677996
  ],
  "val_acc": [
    0.32060415586646723,
    0.628534874137567,
    0.3744244648485768,
    0.21488847051348006,
    0.37413669727286514,
    0.4952868338750333,
    0.628445433110607,
    0.6743832437359557,
    0.666022429660875,
    0.7063798831433666,
    0.7234787198961997,
    0.7378087664137081,
    0.7612851541869494,
    0.5685781167477978,
    0.645754261892669,
    0.5984126110466159,
    0.7015383888264092,
    0.6379728718679778
  ],
  "F1_score": []
}