{
  "num_epochs": 20,
  "lr": 0.001,
  "bs": 256,
  "weight_decay": 0,
  "student_model_name": "mobilenet-V3-small",
  "data_dir": "real_data",
  "n_classes": 4,
  "T": 8,
  "loss_ratio": 0.8,
  "greyscale": false,
  "pretrained": false,
  "train_split": 0.8,
  "filename": "mobilenet-V3-small-best-0.975918-lr;0.001-bs;256-weight_decay;0-T;8-loss_ratio;0.8",
  "train_speed": [
    748.5180087089539,
    26.39980149269104,
    21.426836490631104,
    21.44446349143982,
    21.46433186531067,
    21.426642417907715,
    21.38898277282715,
    21.401339769363403,
    21.36085844039917,
    21.350698471069336,
    21.349120616912842,
    21.329159259796143,
    21.343995571136475,
    21.338813066482544,
    21.345046997070312,
    21.33935284614563,
    21.353524446487427,
    21.354408740997314,
    21.349111080169678,
    21.364081144332886
  ],
  "inference_speed": [
    335.22506165504456,
    5.21941065788269,
    4.761066198348999,
    4.76894736289978,
    4.767220973968506,
    4.7616565227508545,
    4.747619390487671,
    4.757958889007568,
    4.741698503494263,
    4.743252277374268,
    4.723024845123291,
    4.7227702140808105,
    4.737348556518555,
    4.730962038040161,
    4.736290216445923,
    4.725379228591919,
    4.737705707550049,
    4.732363224029541,
    4.7348973751068115,
    4.7320396900177
  ],
  "student_memory": 5.852264404296875,
  "student_num_params": 1521956,
  "train_loss": [
    9.08137715349392,
    1.8140550900478751,
    1.0348825053292878,
    0.7680283298297804,
    0.6071350385948103,
    0.5822566081674732,
    0.5232536458239263,
    0.4755582465809219,
    0.35755027891421803,
    0.3367096681375893,
    0.31876244243918633,
    0.27495596390597676,
    0.2702036075750176,
    0.25211875520798627,
    0.24275889126013736,
    0.25512768738732045,
    0.22074585453588136,
    0.20922005450238987,
    0.20157211578013945,
    0.19462201554252176
  ],
  "val_loss": [
    36.13884735107422,
    34.844419708251955,
    34.22676132202148,
    33.52543098449707,
    29.142609100341797,
    10.278024215698242,
    1.6468960237503052,
    0.8493232941627502,
    0.7308039331436157,
    0.7158966970443725,
    0.8155772137641907,
    0.6062717533111572,
    0.6723126816749573,
    0.6260992634296417,
    0.8087184119224549,
    0.5619679415225982,
    0.7484946131706238,
    0.8095266509056092,
    0.562146987915039,
    0.581527681350708
  ],
  "train_acc": [
    0.8164815403977219,
    0.9469600338108686,
    0.9685861322344566,
    0.9761993337650688,
    0.981456384975083,
    0.9832943592752729,
    0.985982674116991,
    0.9877630739795918,
    0.9900749362244898,
    0.9914080214743711,
    0.9919660571886568,
    0.9926658163265306,
    0.9921476403061225,
    0.9929049744897959,
    0.9936623086734694,
    0.9931839923469388,
    0.9941804846938775,
    0.9945790816326531,
    0.9948979591836735,
    0.9948580994897959
  ],
  "val_acc": [
    0.4669740843772888,
    0.4669740843772888,
    0.4669740843772888,
    0.4669740843772888,
    0.595640242099762,
    0.9021913099288941,
    0.9582240843772888,
    0.9674618887901306,
    0.9693368887901306,
    0.9723246932029724,
    0.9688871932029725,
    0.9759184432029724,
    0.9727934432029725,
    0.9729496932029724,
    0.9710746932029725,
    0.9756249976158142,
    0.9741996932029724,
    0.9740434432029724,
    0.9755868887901307,
    0.9757812476158142
  ],
  "F1_score": []
}