{
  "num_epochs": 20,
  "lr": 0.001,
  "bs": 128,
  "weight_decay": 0.0001,
  "student_model_name": "mobilenet-V3-large",
  "data_dir": "real_data",
  "n_classes": 4,
  "T": 0.2,
  "loss_ratio": 0.8,
  "greyscale": false,
  "pretrained": false,
  "train_split": 0.8,
  "filename": "mobilenet-V3-large_best-0.6758687459692663_num_epochs-20_lr-0.001_bs-128_weight_decay-0.0001_data_dir-real_data_n_classes-4_T-0.2_loss_ratio-0.8_greyscale-False_pretrained-False_train_split-0.8",
  "train_speed": [
    617.3002982139587,
    25.990880966186523,
    25.988282203674316,
    25.927005290985107,
    29.38105297088623,
    30.52765965461731,
    25.905965328216553,
    25.917126178741455,
    25.90714716911316,
    25.901439428329468
  ],
  "inference_speed": [
    6.164875268936157,
    4.915895700454712,
    4.9116737842559814,
    4.910203456878662,
    5.634217739105225,
    5.592986822128296,
    4.893953800201416,
    4.894098281860352,
    4.894987106323242,
    4.885871410369873
  ],
  "student_memory": 16.1424560546875,
  "student_num_params": 4207156,
  "train_loss": [
    0.310313844986451,
    0.3119744964134999,
    0.31185284654299417,
    0.3113792778589787,
    0.31063661208519566,
    0.310458770317909,
    0.3103724589714637,
    0.3100815207530291,
    0.31072582663633885,
    0.31023427492532973
  ],
  "val_loss": [
    0.3123131242333626,
    0.31231311875946666,
    0.3123133614355204,
    0.3123132033007486,
    0.3123115155161644,
    0.311885163492086,
    0.31224266606934215,
    0.31230105976669154,
    0.3103645735857438,
    0.31231228672728245
  ],
  "train_acc": [
    0.14505430910831843,
    0.09495637464599732,
    0.09480947294296363,
    0.2693019943359571,
    0.47485754994245677,
    0.5021768163412045,
    0.4544782763872391,
    0.4897391381936196,
    0.4429709758514013,
    0.4714253917718545
  ],
  "val_acc": [
    0.18838274630965018,
    0.16071039681531946,
    0.1884332998674743,
    0.4159874313948106,
    0.6758687459692663,
    0.6325402868037321,
    0.6344341088314446,
    0.6486747131055716,
    0.4791835175485027,
    0.4818861995424543
  ],
  "F1_score": []
}