{
  "num_epochs": 30,
  "lr": 0.001,
  "bs": 128,
  "weight_decay": 0.0001,
  "student_model_name": "mobilenet-V3-small",
  "data_dir": "real_data",
  "n_classes": 4,
  "T": 0.5,
  "loss_ratio": 0.5,
  "greyscale": false,
  "pretrained": false,
  "train_split": 0.85,
  "filename": "mobilenet-V3-small_best-0.5663960334416982_num_epochs-30_lr-0.001_bs-128_weight_decay-0.0001_data_dir-real_data_n_classes-4_T-0.5_loss_ratio-0.5_greyscale-False_pretrained-False_train_split-0.85",
  "train_speed": [
    1337.0347328186035,
    532.0410494804382,
    22.817646980285645,
    22.798442125320435,
    22.724599838256836,
    22.656521320343018,
    22.79607605934143,
    22.780280351638794,
    22.716288089752197,
    22.7192063331604,
    22.666122436523438,
    22.68552303314209,
    22.677924871444702,
    22.62519669532776
  ],
  "inference_speed": [
    280.0339210033417,
    4.808769702911377,
    3.4798898696899414,
    3.4961462020874023,
    3.468122720718384,
    3.475799322128296,
    3.4670965671539307,
    3.465947151184082,
    3.4570579528808594,
    3.4645845890045166,
    3.468369483947754,
    3.469163656234741,
    3.463397264480591,
    3.4660427570343018
  ],
  "student_memory": 5.852264404296875,
  "student_num_params": 1521956,
  "train_loss": [
    0.7098587276279062,
    0.7082545748655347,
    0.707851323240621,
    0.7070242543727303,
    0.7068013105415492,
    0.7057057699719489,
    0.703139056618087,
    0.7032514156926657,
    0.7025188328563303,
    0.7021177713421808,
    0.7023408908198997,
    0.7022170283368244,
    0.7019424844479215,
    0.702285345049872
  ],
  "val_loss": [
    0.715431538788048,
    0.7154297071534235,
    0.7152370858836818,
    0.7152067551741729,
    0.715105237187566,
    0.714023232460022,
    0.7143035337731645,
    0.7136783052135158,
    0.714178480006553,
    0.7138194635107711,
    0.7128083125965016,
    0.7092850643235284,
    0.711852094611606,
    0.7073276349016138
  ],
  "train_acc": [
    0.2637740233958055,
    0.24909420289855072,
    0.23124901540037515,
    0.23738611896256895,
    0.23922068629287868,
    0.27717391304347827,
    0.3588548230664166,
    0.3331479074586417,
    0.404044580920307,
    0.3729537518128105,
    0.3897159210437738,
    0.36134576509540206,
    0.4029353076709066,
    0.39183108846922426
  ],
  "val_acc": [
    0.23815524175360397,
    0.3239497059100383,
    0.3353517329370653,
    0.3565619547624846,
    0.3566368786064354,
    0.37096092990926793,
    0.31164859396380346,
    0.4222972972972973,
    0.5663960334416982,
    0.5209854502935667,
    0.19452920636615237,
    0.5226746394827559,
    0.2894575515308896,
    0.4452988771167961
  ],
  "F1_score": []
}