{
  "num_epochs": 20,
  "lr": 0.001,
  "bs": 128,
  "weight_decay": 0.0001,
  "student_model_name": "mobilenet-V3-large",
  "data_dir": "real_data",
  "n_classes": 4,
  "T": 0.8,
  "loss_ratio": 0.2,
  "greyscale": false,
  "pretrained": false,
  "train_split": 0.8,
  "filename": "mobilenet-V3-large_best-0.7440268786586061_num_epochs-20_lr-0.001_bs-128_weight_decay-0.0001_data_dir-real_data_n_classes-4_T-0.8_loss_ratio-0.2_greyscale-False_pretrained-False_train_split-0.8",
  "train_speed": [
    28.530702114105225,
    26.17628502845764,
    26.174586534500122,
    26.242226362228394,
    26.25792121887207,
    352.55815267562866,
    709.5946793556213,
    540.1867036819458,
    474.1899390220642,
    226.60598039627075,
    26.26552414894104,
    26.26382350921631,
    26.260307788848877,
    26.279320001602173
  ],
  "inference_speed": [
    4.9889655113220215,
    4.997925758361816,
    4.992598533630371,
    4.978329181671143,
    4.9957334995269775,
    162.19612336158752,
    191.96406960487366,
    148.1272177696228,
    151.39427852630615,
    6.033898591995239,
    4.980227470397949,
    4.99146580696106,
    4.964777231216431,
    4.959083795547485
  ],
  "student_memory": 16.1424560546875,
  "student_num_params": 4207156,
  "train_loss": [
    1.1093247260802832,
    1.1055669154876318,
    1.1045604467391967,
    1.1007656170771671,
    1.1008498375232403,
    1.1005551056984144,
    1.100097796244499,
    1.1001318748180682,
    1.1000036141811274,
    1.0998363018035888,
    1.1011158533585377,
    1.1008442952082707,
    1.0994541865128737,
    1.099680022092966
  ],
  "val_loss": [
    1.117799525358239,
    1.1177989487745323,
    1.1177085929987383,
    1.1177647527383299,
    1.1173288043664427,
    1.1173832757132394,
    1.1174550640339753,
    1.115330348209459,
    1.1165873931378734,
    1.1154915289003022,
    1.102690146893871,
    1.1063363138510256,
    1.115445587099815,
    1.1140740452980509
  ],
  "train_acc": [
    0.346225071259034,
    0.5986333691156828,
    0.5615696225410852,
    0.751175213777102,
    0.7466746794871795,
    0.7515803061998807,
    0.7604923434746571,
    0.7481125357823494,
    0.7656650641025641,
    0.784775641025641,
    0.7148281694986881,
    0.7303329773438283,
    0.7693287037886106,
    0.7533431267127012
  ],
  "val_acc": [
    0.2678804750345191,
    0.18448621825296052,
    0.45026676812950445,
    0.3696918548369894,
    0.4176907040634934,
    0.6724894217082432,
    0.7018261564021208,
    0.7025611303290542,
    0.7440268786586061,
    0.6965530113298066,
    0.5962076892658156,
    0.3377341025946092,
    0.7279235623320754,
    0.5257474171872042
  ],
  "F1_score": []
}