{
  "num_epochs": 20,
  "lr": 0.001,
  "bs": 32,
  "weight_decay": 0,
  "student_model_name": "mobilenet-V3-large",
  "train_dir": "real_data",
  "val_dir": "val",
  "n_classes": 4,
  "T": 4,
  "loss_ratio": 0.5,
  "greyscale": false,
  "pretrained": false,
  "train_split": 0.8,
  "teacher_model_name": "vgg16",
  "finetuned": false,
  "conditional": true,
  "curriculum": false,
  "cosine_decay": false,
  "filename": "mobilenet-V3-large-best;0.982326-lr;0.001-bs;32-weight_decay;0-train_dir;real_data-val_dir;val-T;4-loss_ratio;0.5-conditional;True-curriculum;False-cosine_decay;False",
  "train_speed": [
    1090.7378981113434,
    119.63103675842285,
    76.26387405395508,
    83.54886770248413,
    75.7279121875763,
    782.8137891292572,
    510.4613001346588,
    76.5038332939148,
    80.90591597557068,
    75.56185126304626,
    75.3525230884552,
    75.33974719047546,
    75.42192602157593,
    75.29710698127747,
    75.3915593624115,
    75.34550356864929,
    75.41251158714294,
    74.93768978118896,
    75.02368521690369,
    75.08067440986633
  ],
  "inference_speed": [
    5.260747671127319,
    4.806005477905273,
    3.8095498085021973,
    4.739171981811523,
    3.7524099349975586,
    4.871189117431641,
    5.428640842437744,
    3.8184962272644043,
    4.733659982681274,
    3.761352062225342,
    3.7556371688842773,
    3.740325927734375,
    3.73874831199646,
    3.7480828762054443,
    3.7466866970062256,
    3.7515931129455566,
    3.7366156578063965,
    3.7315001487731934,
    3.7292320728302,
    3.7250609397888184
  ],
  "student_memory": 16.1424560546875,
  "student_num_params": 4207156,
  "train_loss": [
    0.13686388405374914,
    0.036429397441171116,
    0.025830592362847626,
    0.02190493025557585,
    0.018666982356428274,
    0.020781530536336006,
    0.015892278621038317,
    0.013876340051927246,
    0.012771323510615072,
    0.014580679705647899,
    0.011800134157879663,
    0.010840796140589219,
    0.010429953052547453,
    0.009219117998528387,
    0.00949313332884738,
    0.008349085986525211,
    0.008070185064564996,
    0.007769894984551731,
    0.007008162799711509,
    0.007408343203234671
  ],
  "val_loss": [
    0.09953684242419349,
    0.06355640310107073,
    0.05733718100236729,
    0.06193941234244553,
    0.06650707892859813,
    0.05512771240271414,
    0.05291851964344072,
    0.04426970290111714,
    0.04531280758702883,
    0.04548189492961086,
    0.036359357600840816,
    0.04323207516391136,
    0.03603175271457046,
    0.04025174089236048,
    0.04085828674185189,
    0.037558002315831875,
    0.03499527075795503,
    0.03692438574288361,
    0.03446130453371328,
    0.035765459175845685
  ],
  "train_acc": [
    0.9128439007413105,
    0.9718999525748446,
    0.9780960945529291,
    0.9813646336008564,
    0.9840056526207606,
    0.9824813227001712,
    0.9862390308193901,
    0.9877238319564576,
    0.9891369871465913,
    0.9871852517985612,
    0.9907502569373073,
    0.99094295991778,
    0.9911356628982528,
    0.9928057553956835,
    0.9931590441932169,
    0.9934085698804042,
    0.9939940904419322,
    0.9941546762589928,
    0.9952787769784173,
    0.9946364337101747
  ],
  "val_acc": [
    0.9473449753933265,
    0.9586600143401349,
    0.9667008196721312,
    0.9702868852459017,
    0.9660882930286595,
    0.9707991803278688,
    0.9684938524590164,
    0.9718237704918032,
    0.9713671598278109,
    0.9748975409836066,
    0.9787397540983607,
    0.9761782786885246,
    0.9805327868852459,
    0.9782274590163934,
    0.978127227454889,
    0.9784836065573771,
    0.9823258196721312,
    0.9815573770491803,
    0.9815573770491803,
    0.9807889344262295
  ],
  "train_F1_score": [
    0.9128439007036129,
    0.9718999525654202,
    0.9780960945529291,
    0.981364633567871,
    0.9840056526207606,
    0.9824813226342003,
    0.9862390307534192,
    0.9877238319234722,
    0.9891369871136058,
    0.9871852517985612,
    0.9907502569373073,
    0.99094295991778,
    0.9911356628982528,
    0.9928057553956835,
    0.9931590441932169,
    0.9934085698474188,
    0.9939940904419322,
    0.9941546762589928,
    0.9952787769784173,
    0.9946364337101747
  ],
  "val_F1_score": [
    0.9473449750534568,
    0.9586600142551676,
    0.9667008196721312,
    0.9702868852459017,
    0.9660882929436921,
    0.9707991803278688,
    0.9684938524590164,
    0.9718237704918032,
    0.971367159657876,
    0.9748975409836066,
    0.9787397540983607,
    0.9761782786885246,
    0.9805327868852459,
    0.9782274590163934,
    0.9781272273699216,
    0.9784836065573771,
    0.9823258196721312,
    0.9815573770491803,
    0.9815573770491803,
    0.9807889344262295
  ],
  "batch_time": [
    0.08409500122070312,
    0.07406306266784668,
    0.06213259696960449,
    0.06547307968139648,
    0.061396121978759766,
    0.08256387710571289,
    0.08111214637756348,
    0.06234407424926758,
    0.06483101844787598,
    0.06136345863342285,
    0.061257123947143555,
    0.06123614311218262,
    0.06131434440612793,
    0.06120705604553223,
    0.061383962631225586,
    0.06131172180175781,
    0.06127333641052246,
    0.0607905387878418,
    0.06087017059326172,
    0.061029911041259766
  ]
}