{
  "num_epochs": 20,
  "lr": 0.001,
  "bs": 128,
  "weight_decay": 0.0001,
  "student_model_name": "mobilenet-V3-large",
  "data_dir": "real_data",
  "n_classes": 4,
  "T": 0.8,
  "loss_ratio": 0.8,
  "greyscale": false,
  "pretrained": false,
  "train_split": 0.8,
  "filename": "mobilenet-V3-large_best-0.4435392295827671_num_epochs-20_lr-0.001_bs-128_weight_decay-0.0001_data_dir-real_data_n_classes-4_T-0.8_loss_ratio-0.8_greyscale-False_pretrained-False_train_split-0.8",
  "train_speed": [
    97.58128643035889,
    72.78589940071106,
    29.660765647888184,
    29.541212558746338,
    30.4473397731781,
    36.28682470321655,
    81.20720791816711,
    104.04362607002258
  ],
  "inference_speed": [
    8.446115493774414,
    5.551043510437012,
    5.847327470779419,
    10.347693920135498,
    10.413108825683594,
    5.640800476074219,
    6.397166728973389,
    108.38195586204529
  ],
  "student_memory": 16.1424560546875,
  "student_num_params": 4207156,
  "train_loss": [
    0.3095704077145992,
    0.3076037258673937,
    0.3066387422573872,
    0.30848278617247554,
    0.3099765386336889,
    0.30838994399095193,
    0.30799393837268535,
    0.3080070550625141
  ],
  "val_loss": [
    0.3123131242333626,
    0.31231290223647135,
    0.31231237248498567,
    0.31254052994202597,
    0.312309447599917,
    0.3120381455032193,
    0.31230344151963996,
    0.3122995191690873
  ],
  "train_acc": [
    0.24089654561800836,
    0.1331819800994335,
    0.21876780627629697,
    0.11237090459236732,
    0.15021812678911747,
    0.21796207267504472,
    0.2540464743589744,
    0.3322426994641622
  ],
  "val_acc": [
    0.3181736870687835,
    0.3246912329780812,
    0.4435392295827671,
    0.3259161893202334,
    0.3214207936306389,
    0.17305717997404993,
    0.2661772023658363,
    0.33348758670748496
  ],
  "F1_score": []
}