{
  "num_epochs": 20,
  "lr": 0.001,
  "bs": 256,
  "weight_decay": 0,
  "student_model_name": "mobilenet-V3-small",
  "train_dir": "real_data",
  "val_dir": "val",
  "n_classes": 4,
  "T": 4,
  "loss_ratio": 0.5,
  "greyscale": false,
  "pretrained": false,
  "train_split": 0.8,
  "teacher_model_name": "vgg16",
  "finetuned": false,
  "filename": "mobilenet-V3-small-best;0.967134-lr;0.001-bs;256-weight_decay;0-train_dir;real_data-val_dir;val-T;4-loss_ratio;0.5",
  "train_speed": [
    878.0371158123016,
    1131.9507534503937,
    453.9862997531891,
    32.91635274887085,
    26.93592882156372,
    27.069782733917236,
    27.10771870613098,
    27.0981502532959,
    27.04805636405945,
    27.013050079345703,
    27.08610463142395,
    27.08912754058838,
    27.09701108932495,
    27.072152614593506,
    27.094386100769043,
    32.46315622329712,
    27.16873002052307,
    27.171761989593506,
    27.141666173934937,
    27.18295168876648
  ],
  "inference_speed": [
    3.857508420944214,
    3.698554515838623,
    3.7115182876586914,
    3.4625697135925293,
    3.0074660778045654,
    2.9926586151123047,
    3.0047852993011475,
    3.0002710819244385,
    2.995903253555298,
    2.991966962814331,
    3.0052523612976074,
    3.002307653427124,
    3.003072738647461,
    2.9973762035369873,
    3.0047290325164795,
    3.440587043762207,
    3.0116031169891357,
    3.0156126022338867,
    3.0105814933776855,
    3.012967109680176
  ],
  "student_memory": 5.852264404296875,
  "student_num_params": 1521956,
  "train_loss": [
    2.287701801198428,
    0.46262547911190594,
    0.2601979185567527,
    0.18927611984678958,
    0.1494070457019767,
    0.12671871232937593,
    0.10689115579255291,
    0.10110731639700835,
    0.08978196676270883,
    0.08376687948332458,
    0.0749601357479076,
    0.07410052290461103,
    0.06415445299544295,
    0.06120271583805319,
    0.05674136313991469,
    0.05352312882171303,
    0.06438000057442267,
    0.06819985101579643,
    0.05460266338386496,
    0.05020259386386539
  ],
  "val_loss": [
    8.95317542552948,
    8.812616229057312,
    8.775993913412094,
    7.291146963834763,
    1.641597181558609,
    0.4106927220709622,
    0.7855333478655666,
    0.3391809470485896,
    0.476349153672345,
    0.2966777071123943,
    0.27492249582428485,
    0.78170430008322,
    0.5970641603926197,
    0.33111552498303354,
    0.298111617914401,
    0.25509566895198077,
    0.4468989478191361,
    0.4077795190969482,
    0.25524630956351757,
    0.24374814215116203
  ],
  "train_acc": [
    0.844605349614972,
    0.9594654831729952,
    0.975538325602891,
    0.9835537476617782,
    0.9864882172131147,
    0.9905549751930549,
    0.9917712602459017,
    0.9929879610655737,
    0.9937031782064282,
    0.9945036392720019,
    0.9949839159113462,
    0.9951652151639344,
    0.9958163954195429,
    0.9966060450819673,
    0.9969370409113462,
    0.9966380635245902,
    0.9963286905015101,
    0.995079971239215,
    0.9966700819672131,
    0.9968942110655737
  ],
  "val_acc": [
    0.441162109375,
    0.441162109375,
    0.441162109375,
    0.7847434303257614,
    0.9476784430444241,
    0.9572842679917812,
    0.9263982586562634,
    0.9612748548388481,
    0.9531516321003437,
    0.9652565680444241,
    0.9658291898667812,
    0.9273748211562634,
    0.9372913688421249,
    0.9598943516612053,
    0.9637162610888481,
    0.9642045423388481,
    0.9505415484309196,
    0.9551713392138481,
    0.9651811048388481,
    0.9671342298388481
  ],
  "F1_score": [],
  "batch_time": 0.12459933757781982
}