{
  "num_epochs": 20,
  "lr": 0.001,
  "bs": 1024,
  "weight_decay": 0,
  "student_model_name": "mobilenet-V3-large",
  "data_dir": "real_data",
  "n_classes": 4,
  "T": 0.3,
  "loss_ratio": 0.5,
  "greyscale": false,
  "pretrained": false,
  "train_split": 0.8,
  "filename": "mobilenet-V3-large_best-0.4665927120617458_num_epochs-20_lr-0.001_bs-1024_weight_decay-0_data_dir-real_data_n_classes-4_T-0.3_loss_ratio-0.5_greyscale-False_pretrained-False_train_split-0.8",
  "train_speed": [
    42.71078133583069,
    112.80169630050659,
    32.27214574813843,
    52.09462928771973,
    35.108068227767944,
    35.347973346710205,
    34.947842836380005,
    34.039286613464355,
    35.19878339767456,
    34.7766535282135,
    40.316187381744385,
    31.990813732147217,
    28.580291748046875,
    27.06113624572754,
    26.243510723114014,
    38.472240686416626,
    286.27868485450745,
    113.5115716457367,
    158.96015000343323,
    53.55470561981201
  ],
  "inference_speed": [
    116.7045431137085,
    5.416946172714233,
    9.501594305038452,
    7.684608459472656,
    7.1936187744140625,
    7.856888771057129,
    7.144903898239136,
    7.627835988998413,
    13.411472797393799,
    8.203986644744873,
    7.7891082763671875,
    5.377925157546997,
    5.385712146759033,
    4.9521644115448,
    5.048017501831055,
    320.67014169692993,
    10.46014142036438,
    158.87220406532288,
    85.05308103561401,
    37.567156076431274
  ],
  "student_memory": 16.1424560546875,
  "student_num_params": 4207156,
  "train_loss": [
    0.651721419095993,
    0.25069530069828033,
    0.1302114149928093,
    0.08556273847818374,
    0.055343290865421294,
    0.037851531729102134,
    0.031485649198293685,
    0.027333327345550062,
    0.022087381593883036,
    0.0195162945240736,
    0.029334072768688203,
    0.020333180464804174,
    0.016223255172371866,
    0.01570676317438483,
    0.022609360739588736,
    0.016911378614604473,
    0.011683686692267657,
    0.009986317716538906,
    0.010768893156200648,
    0.00997100729495287
  ],
  "val_loss": [
    1.352157371384757,
    1.3125978708267212,
    1.2510202782494682,
    1.2131925140108382,
    1.1882012912205286,
    1.2154923507145472,
    1.2487300804683141,
    1.3328763587134225,
    1.4254624502999442,
    1.4875347103391374,
    1.487131919179644,
    1.7646568672997611,
    1.8890222821916853,
    2.3296401500701904,
    2.14717766216823,
    2.547196524483817,
    2.849297114780971,
    3.350176913397653,
    3.926708664212908,
    3.8171069962637767
  ],
  "train_acc": [
    0.7484479784965515,
    0.9067454242706299,
    0.9546360492706298,
    0.9729697012901306,
    0.983413679599762,
    0.988960554599762,
    0.9906935954093933,
    0.9913729023933411,
    0.9933403182029724,
    0.9941701579093933,
    0.9910499215126037,
    0.9943654704093933,
    0.9952686715126038,
    0.9953763318061829,
    0.9936918807029724,
    0.9949904704093933,
    0.9965139079093933,
    0.9970703101158143,
    0.9969921851158142,
    0.9972608590126038
  ],
  "val_acc": [
    0.4665927120617458,
    0.4665927120617458,
    0.4665927120617458,
    0.4665927120617458,
    0.4665927120617458,
    0.4665927120617458,
    0.4665927120617458,
    0.4665927120617458,
    0.4665927120617458,
    0.4665927120617458,
    0.4665927120617458,
    0.4665927120617458,
    0.4665927120617458,
    0.4665927120617458,
    0.4665927120617458,
    0.4665927120617458,
    0.4665927120617458,
    0.4665927120617458,
    0.4665927120617458,
    0.4665927120617458
  ],
  "F1_score": []
}