{
  "num_epochs": 20,
  "lr": 0.001,
  "bs": 256,
  "weight_decay": 0,
  "student_model_name": "mobilenet-V3-large",
  "data_dir": "real_data",
  "n_classes": 4,
  "T": 2,
  "loss_ratio": 0.5,
  "greyscale": false,
  "pretrained": false,
  "train_split": 0.8,
  "filename": "mobilenet-V3-large_best-0.9757621932029724_num_epochs-20_lr-0.001_bs-256_weight_decay-0_data_dir-real_data_n_classes-4_T-2_loss_ratio-0.5_greyscale-False_pretrained-False_train_split-0.8",
  "train_speed": [
    184.0218300819397,
    141.63831043243408,
    113.49808287620544,
    59.247318267822266,
    59.31379556655884,
    455.672976732254,
    98.60409283638,
    25.455638885498047,
    25.494115114212036,
    25.47267174720764,
    25.464202165603638,
    25.49464201927185,
    25.493333101272583,
    25.501014232635498,
    669.7361698150635,
    431.82127833366394
  ],
  "inference_speed": [
    123.62584161758423,
    123.7451388835907,
    74.39270973205566,
    112.46351790428162,
    80.77999997138977,
    229.61643362045288,
    5.606075763702393,
    5.012688636779785,
    5.0090649127960205,
    5.014962196350098,
    5.013627767562866,
    5.017510652542114,
    5.010210037231445,
    5.011831521987915,
    14.417778015136719,
    127.45600366592407
  ],
  "student_memory": 16.1424560546875,
  "student_num_params": 4207156,
  "train_loss": [
    0.8291053823670562,
    0.22949213443361982,
    0.1118223823378889,
    0.06468779643123247,
    0.04943413625718379,
    0.03872879383591365,
    0.03222510136891993,
    0.029208817519247532,
    0.027328016711589024,
    0.028510349260985245,
    0.0284695363299427,
    0.02931453684839059,
    0.03226028072970862,
    0.04027598194435847,
    0.05599481812013047,
    0.04998175936694048
  ],
  "val_loss": [
    3.0397050285339358,
    2.9049794769287107,
    3.160389127731323,
    3.6400897121429443,
    4.69011812210083,
    2.217052211761475,
    0.4464526009559631,
    0.19901226490736007,
    0.12814859636127948,
    0.14092736944556236,
    0.5631713747978211,
    0.4286104094982147,
    0.1715576308965683,
    0.37374560177326205,
    0.485140877366066,
    0.8681217622756958
  ],
  "train_acc": [
    0.8507918794544376,
    0.9579613093210726,
    0.9782897531986237,
    0.9872006092752729,
    0.9912840134027053,
    0.9937996031070242,
    0.9952566964285714,
    0.9961114653519222,
    0.9967315051020408,
    0.9964303429029426,
    0.996452487244898,
    0.99609375,
    0.9954958545918368,
    0.9934585812140484,
    0.9907924107142857,
    0.9918597650771238
  ],
  "val_acc": [
    0.4669740843772888,
    0.4669740843772888,
    0.4669740843772888,
    0.4669740843772888,
    0.4669740843772888,
    0.5710518288612366,
    0.9138910055160523,
    0.9629496932029724,
    0.9757621932029724,
    0.9727934432029725,
    0.9145350599288941,
    0.9328544187545776,
    0.9704306387901306,
    0.9533803343772889,
    0.9538681387901307,
    0.9026600599288941
  ],
  "F1_score": []
}