{
  "num_epochs": 20,
  "lr": 0.001,
  "bs": 1024,
  "weight_decay": 0,
  "student_model_name": "mobilenet-V3-large",
  "data_dir": "real_data",
  "n_classes": 4,
  "T": 0.2,
  "loss_ratio": 0.5,
  "greyscale": false,
  "pretrained": false,
  "train_split": 0.8,
  "filename": "mobilenet-V3-large_best-0.4665927120617458_num_epochs-20_lr-0.001_bs-1024_weight_decay-0_data_dir-real_data_n_classes-4_T-0.2_loss_ratio-0.5_greyscale-False_pretrained-False_train_split-0.8",
  "train_speed": [
    31.067205905914307,
    130.8369493484497,
    97.1544725894928,
    34.28890872001648,
    52.10012435913086,
    33.99184036254883,
    35.45148587226868,
    35.09828543663025,
    32.649060010910034,
    35.36390829086304,
    34.96116018295288,
    40.405691146850586,
    31.682948350906372,
    30.673903226852417,
    29.044814348220825,
    28.41270899772644,
    231.10453724861145,
    282.8855891227722,
    114.05581784248352,
    151.2851824760437
  ],
  "inference_speed": [
    5.08113169670105,
    25.1091628074646,
    12.25180959701538,
    7.482851028442383,
    7.686395883560181,
    8.294146299362183,
    7.736192226409912,
    6.9964048862457275,
    9.015337705612183,
    13.250454902648926,
    8.019563436508179,
    7.704794645309448,
    5.165289878845215,
    5.435534238815308,
    5.337306261062622,
    5.3078343868255615,
    121.60663533210754,
    13.854478359222412,
    158.32514476776123,
    92.73073625564575
  ],
  "student_memory": 16.1424560546875,
  "student_num_params": 4207156,
  "train_loss": [
    0.7596423995494842,
    0.31232723116874694,
    0.17547827064990998,
    0.12450349628925324,
    0.09330692380666733,
    0.062086717933416365,
    0.044901496022939684,
    0.041525953933596614,
    0.04212012849748135,
    0.0299502469599247,
    0.027921977899968625,
    0.03585803862661123,
    0.023045261092483997,
    0.01952689316123724,
    0.023052695952355862,
    0.01871943101286888,
    0.013570310771465302,
    0.017005352079868318,
    0.019868135061115025,
    0.023441409543156624
  ],
  "val_loss": [
    1.3064350060054235,
    1.2702117647443498,
    1.2436401333127702,
    1.2517940998077393,
    1.229620065007891,
    1.252673898424421,
    1.2793313264846802,
    1.329860840524946,
    1.426560640335083,
    1.6153354815074377,
    1.737126009804862,
    1.6831699439457484,
    2.198457717895508,
    2.1713977541242326,
    2.9226344653538296,
    3.0499420506613597,
    3.385601452418736,
    3.849302121571132,
    4.030479226793561,
    5.107727663857596
  ],
  "train_acc": [
    0.7193740463256836,
    0.8926162338256836,
    0.9451972174644471,
    0.9637318968772888,
    0.9741806387901306,
    0.983101179599762,
    0.9880764079093933,
    0.988130714893341,
    0.9888090682029724,
    0.9918607068061829,
    0.9934717965126038,
    0.9914405465126037,
    0.9942873454093933,
    0.9945264840126038,
    0.9944531226158142,
    0.9954249215126038,
    0.9962795329093933,
    0.9954201579093933,
    0.9951028943061828,
    0.9944531226158142
  ],
  "val_acc": [
    0.36567671809877667,
    0.36567671809877667,
    0.36567671809877667,
    0.36567671809877667,
    0.36567671809877667,
    0.4665927120617458,
    0.4665927120617458,
    0.4665927120617458,
    0.4665927120617458,
    0.4665927120617458,
    0.4665927120617458,
    0.4665927120617458,
    0.4665927120617458,
    0.4665927120617458,
    0.4665927120617458,
    0.4665927120617458,
    0.4665927120617458,
    0.4665927120617458,
    0.4665927120617458,
    0.4665927120617458
  ],
  "F1_score": []
}