{
  "num_epochs": 20,
  "lr": 0.001,
  "bs": 256,
  "weight_decay": 0,
  "student_model_name": "mobilenet-V3-small",
  "data_dir": "real_data",
  "n_classes": 4,
  "T": 6,
  "loss_ratio": 0.5,
  "greyscale": false,
  "pretrained": false,
  "train_split": 0.8,
  "filename": "mobilenet-V3-small_best-0.9771684432029724_num_epochs-20_lr-0.001_bs-256_weight_decay-0_data_dir-real_data_n_classes-4_T-6_loss_ratio-0.5_greyscale-False_pretrained-False_train_split-0.8",
  "train_speed": [
    175.67088270187378,
    137.780029296875,
    106.78202438354492,
    53.10572266578674,
    54.66805124282837,
    454.8843333721161,
    98.18692660331726,
    21.793275594711304,
    21.767601251602173,
    21.787024974822998,
    21.76006317138672,
    21.783058881759644,
    21.814146041870117,
    21.81769847869873,
    21.815747261047363,
    629.1542909145355,
    416.9657392501831,
    1038.5568833351135,
    393.15114307403564,
    26.405914068222046
  ],
  "inference_speed": [
    132.01625871658325,
    127.60959529876709,
    81.10476851463318,
    118.60768580436707,
    85.42590737342834,
    230.38871049880981,
    5.473545789718628,
    4.845669984817505,
    4.847720384597778,
    4.838570594787598,
    4.838752269744873,
    4.855162858963013,
    4.848057985305786,
    4.858959197998047,
    4.854918718338013,
    55.86621165275574,
    142.32958602905273,
    196.39499688148499,
    33.45899271965027,
    5.292366981506348
  ],
  "student_memory": 5.852264404296875,
  "student_num_params": 1521956,
  "train_loss": [
    4.421814962309234,
    0.9116381388537738,
    0.48950533203932706,
    0.3658988323746895,
    0.2825000123405943,
    0.27043335230983034,
    0.22790441008246676,
    0.22831139576678372,
    0.16760685743421924,
    0.17026001503881144,
    0.1590241584546712,
    0.13488970947813014,
    0.126822008466234,
    0.1375805880798369,
    0.1131229352738176,
    0.11454852761662736,
    0.09409761390819842,
    0.09344035668336616,
    0.09490516318046317,
    0.09314965152618837
  ],
  "val_loss": [
    16.399112586975097,
    16.01997169494629,
    15.848709907531738,
    15.70445816040039,
    14.558347778320313,
    5.200778045654297,
    0.7922323489189148,
    0.44861178517341616,
    0.3790359282493591,
    0.48513112545013426,
    0.35455506086349486,
    0.4317073631286621,
    0.37442091822624207,
    0.37273463010787966,
    0.35566967725753784,
    0.3381886392831802,
    0.3291908097267151,
    0.337482727766037,
    0.31614839255809785,
    0.312982377409935
  ],
  "train_acc": [
    0.8216633006018035,
    0.9491346016222116,
    0.9715756092752729,
    0.978812358209065,
    0.9849861817700523,
    0.9862041169283341,
    0.9891448769034171,
    0.9890961592294731,
    0.9931042729591837,
    0.993998901576412,
    0.9937996031070242,
    0.9950972576530612,
    0.9956730087192691,
    0.9945392219387755,
    0.9962133290816326,
    0.9960538903061225,
    0.9968510841836735,
    0.9974888392857143,
    0.9964126275510204,
    0.9970105229591837
  ],
  "val_acc": [
    0.4669740843772888,
    0.4669740843772888,
    0.4669740843772888,
    0.4669740843772888,
    0.4683803343772888,
    0.8894169187545776,
    0.9618178343772888,
    0.9685556387901306,
    0.9712118887901307,
    0.9693559432029724,
    0.9756059432029724,
    0.9685746932029724,
    0.9737309432029724,
    0.9731059432029724,
    0.9763871932029724,
    0.9738871932029725,
    0.9752743887901306,
    0.9762309432029724,
    0.9771684432029724,
    0.9766996932029725
  ],
  "F1_score": []
}