{
  "num_epochs": 20,
  "lr": 0.001,
  "bs": 128,
  "weight_decay": 0.0001,
  "student_model_name": "mobilenet-V3-large",
  "data_dir": "real_data",
  "n_classes": 4,
  "T": 0.2,
  "loss_ratio": 0.2,
  "greyscale": false,
  "pretrained": false,
  "train_split": 0.8,
  "filename": "mobilenet-V3-large_best-0.6972413196855661_num_epochs-20_lr-0.001_bs-128_weight_decay-0.0001_data_dir-real_data_n_classes-4_T-0.2_loss_ratio-0.2_greyscale-False_pretrained-False_train_split-0.8",
  "train_speed": [
    1061.056193113327,
    1314.7621412277222,
    1245.0566413402557,
    1319.6880285739899,
    1313.5609591007233,
    1301.863579750061,
    1351.1795091629028,
    1127.2887027263641,
    1307.2139194011688,
    1249.7852461338043,
    1007.7120745182037,
    1206.6683695316315
  ],
  "inference_speed": [
    347.37545466423035,
    311.5532922744751,
    336.19133853912354,
    389.2161021232605,
    254.45532178878784,
    325.7432441711426,
    350.2541422843933,
    331.8435130119324,
    334.347425699234,
    281.69605112075806,
    294.7300283908844,
    310.04827857017517
  ],
  "student_memory": 16.1424560546875,
  "student_num_params": 4207156,
  "train_loss": [
    1.111213992192195,
    1.112032784559788,
    1.1113769347851092,
    1.1067573467890421,
    1.104395657319289,
    1.102938968096024,
    1.1019163241753211,
    1.100908212784009,
    1.1011458286872278,
    1.1005109114524645,
    1.1006618524209046,
    1.1008141236427502
  ],
  "val_loss": [
    1.117799525358239,
    1.1177993185666142,
    1.11759906642291,
    1.1166597896692705,
    1.116835888551206,
    1.1149052965397737,
    1.114932977423376,
    1.1161951872767235,
    1.113898138610684,
    1.1140272617340088,
    1.1134824022954823,
    1.111178030773085
  ],
  "train_acc": [
    0.41378205128205126,
    0.47612624657459746,
    0.4006098646384019,
    0.38369836180638045,
    0.5114939460387596,
    0.686614138346452,
    0.7442040599309481,
    0.7774261040565295,
    0.7550703348257602,
    0.7705573363181872,
    0.7917467948717949,
    0.7748709045923673
  ],
  "val_acc": [
    0.31503546542050886,
    0.34655378910959983,
    0.428641425711768,
    0.5164105271806523,
    0.5974831994698973,
    0.5362003786223275,
    0.6972413196855661,
    0.532482733531874,
    0.581702650201564,
    0.6418966213051154,
    0.501333841255733,
    0.5901801269881579
  ],
  "F1_score": []
}