{
  "num_epochs": 20,
  "lr": 0.001,
  "bs": 128,
  "weight_decay": 0.0001,
  "student_model_name": "mobilenet-V3-large",
  "data_dir": "real_data",
  "n_classes": 4,
  "T": 0.8,
  "loss_ratio": 0.4,
  "greyscale": false,
  "pretrained": false,
  "train_split": 0.8,
  "filename": "mobilenet-V3-large_best-0.7091097868218714_num_epochs-20_lr-0.001_bs-128_weight_decay-0.0001_data_dir-real_data_n_classes-4_T-0.8_loss_ratio-0.4_greyscale-False_pretrained-False_train_split-0.8",
  "train_speed": [
    69.61910104751587,
    546.7228331565857,
    675.1064767837524,
    504.3118188381195,
    405.79307413101196,
    40.275066614151,
    26.27162456512451,
    26.113372564315796,
    26.161576986312866,
    26.171510696411133,
    210.33843064308167,
    539.2726736068726,
    502.9069769382477,
    52.797558546066284,
    26.59945249557495,
    26.145337343215942
  ],
  "inference_speed": [
    224.0146963596344,
    253.68604469299316,
    143.25214314460754,
    126.26291251182556,
    6.247537612915039,
    5.5980706214904785,
    4.977110862731934,
    4.962945222854614,
    4.968386650085449,
    4.973587512969971,
    170.5260088443756,
    255.31859230995178,
    118.29346752166748,
    5.584544658660889,
    4.948310136795044,
    4.95772385597229
  ],
  "student_memory": 16.1424560546875,
  "student_num_params": 4207156,
  "train_loss": [
    0.8438160862678137,
    0.8424239473465162,
    0.8419309423520015,
    0.8402168545967493,
    0.8389065094483205,
    0.8360503453474778,
    0.8352383873401544,
    0.8350548814504575,
    0.8349632021708366,
    0.8342937753750728,
    0.8353559484848609,
    0.8341670717948523,
    0.8344159554212521,
    0.835026857486138,
    0.8344959387412438,
    0.8349448329363114
  ],
  "val_loss": [
    0.8493040982557802,
    0.8493036420977845,
    0.8492337100359858,
    0.848770257161588,
    0.8491710047332608,
    0.8485723600095633,
    0.8490842240197318,
    0.8489647677966526,
    0.848320589990032,
    0.8486920132928965,
    0.8484714785400702,
    0.8475052507556214,
    0.8457457593509129,
    0.8450777834775497,
    0.848258372472257,
    0.8457073958552613
  ],
  "train_acc": [
    0.4392361112129994,
    0.48003472212033393,
    0.364338497320811,
    0.43080929487179487,
    0.4528044871794872,
    0.4913327991962433,
    0.5074074074243888,
    0.58106303413709,
    0.5622818732872987,
    0.6265001780711688,
    0.5790286681590936,
    0.6328570158053667,
    0.5992877492537865,
    0.5845708691156828,
    0.6417735042480323,
    0.5987134973208109
  ],
  "val_acc": [
    0.29468563320685404,
    0.3492525815963745,
    0.36599365302494596,
    0.41770237015218153,
    0.6045879478357277,
    0.40852102941396284,
    0.6735549398830959,
    0.618630225561103,
    0.6059645657636681,
    0.7091097868218714,
    0.6330380464086727,
    0.5965071235384259,
    0.49951390587553685,
    0.3607243962433873,
    0.7028100101315246,
    0.5504993151645271
  ],
  "F1_score": []
}