{
  "num_epochs": 20,
  "lr": 0.001,
  "bs": 128,
  "weight_decay": 0,
  "student_model_name": "mobilenet-V3-small",
  "data_dir": "real_data",
  "n_classes": 4,
  "T": 1,
  "loss_ratio": 0,
  "greyscale": false,
  "pretrained": false,
  "train_split": 0.8,
  "filename": "mobilenet-V3-small_best-0.9771108128586594_num_epochs-20_lr-0.001_bs-128_weight_decay-0_data_dir-real_data_n_classes-4_T-1_loss_ratio-0_greyscale-False_pretrained-False_train_split-0.8",
  "train_speed": [
    818.9070904254913,
    278.57684898376465,
    21.55245542526245,
    21.582025051116943,
    21.554181575775146,
    21.515764713287354,
    21.540745735168457,
    21.57041096687317,
    21.52610445022583,
    21.562042474746704,
    21.55658769607544,
    21.53454279899597,
    21.51518750190735,
    21.46862006187439,
    21.48209047317505,
    21.485713243484497,
    21.498208045959473,
    21.493826389312744,
    21.489250898361206
  ],
  "inference_speed": [
    281.34170508384705,
    5.602307319641113,
    4.675560474395752,
    4.6829752922058105,
    4.673023223876953,
    4.66010594367981,
    4.669945240020752,
    4.6753904819488525,
    4.685155391693115,
    4.685344934463501,
    4.6768107414245605,
    4.658829689025879,
    4.655529499053955,
    4.64477276802063,
    4.658723592758179,
    4.6592888832092285,
    4.654796838760376,
    4.657865762710571,
    4.656517744064331
  ],
  "student_memory": 5.852264404296875,
  "student_num_params": 1521956,
  "train_loss": [
    0.34279200778557706,
    0.11122864576486441,
    0.07573857892973301,
    0.05775536116308127,
    0.040356078053800724,
    0.03320254785283349,
    0.031008760983016914,
    0.021449257464906297,
    0.02254639573989269,
    0.020684758161839383,
    0.017017713052262434,
    0.018685666923985805,
    0.01587953092903496,
    0.016594362660469368,
    0.011743040733376685,
    0.016169252868768615,
    0.01149355466119372,
    0.00942239182186313,
    0.0130127552514657
  ],
  "val_loss": [
    1.2053630595304528,
    1.3184510980333601,
    0.3397881038943116,
    0.41090620780477716,
    0.16553739222640895,
    0.24879073579700625,
    0.1480192750768394,
    0.11777317589529011,
    0.7992089141388329,
    1.0050498782371988,
    0.1435581955260464,
    0.844630700593092,
    0.11375159780703942,
    0.10893858273570635,
    0.21551492757030896,
    0.1831713239757382,
    0.14745799606019744,
    0.1481405818188677,
    0.8008913793125931
  ],
  "train_acc": [
    0.858600427248539,
    0.9586315882511628,
    0.9722044159204531,
    0.978872863145975,
    0.9858662748948122,
    0.9887909543819916,
    0.9892583691156828,
    0.9930689102564103,
    0.9918669871794872,
    0.9927483974358975,
    0.9938701923076924,
    0.9942307692307693,
    0.9944488959434705,
    0.9942708333333333,
    0.9957932692307693,
    0.9944310897435897,
    0.9960336538461538,
    0.9970753205128206,
    0.9955128205128205
  ],
  "val_acc": [
    0.46704672672310654,
    0.46704672672310654,
    0.8868412448435413,
    0.8868412448435413,
    0.951013408145126,
    0.9374416677319274,
    0.958048157545985,
    0.9670467267231065,
    0.8665925203537455,
    0.7733325033771749,
    0.9671867210037854,
    0.8902789001562157,
    0.9685516734512485,
    0.9771108128586594,
    0.9521489228521075,
    0.9589153491720861,
    0.965860657545985,
    0.9612369330561891,
    0.8246912323698705
  ],
  "F1_score": []
}