{
  "num_epochs": 20,
  "lr": 0.001,
  "bs": 128,
  "weight_decay": 0.0001,
  "student_model_name": "mobilenet-V3-large",
  "data_dir": "real_data",
  "n_classes": 4,
  "T": 0.6,
  "loss_ratio": 0.4,
  "greyscale": false,
  "pretrained": false,
  "train_split": 0.8,
  "filename": "mobilenet-V3-large_best-0.7259908525311217_num_epochs-20_lr-0.001_bs-128_weight_decay-0.0001_data_dir-real_data_n_classes-4_T-0.6_loss_ratio-0.4_greyscale-False_pretrained-False_train_split-0.8",
  "train_speed": [
    28.460108995437622,
    26.099162817001343,
    26.11540913581848,
    26.115974187850952,
    26.151278734207153,
    29.641099452972412,
    26.12317442893982,
    26.11264157295227,
    26.115113735198975,
    26.14212679862976,
    26.143502473831177,
    26.13585901260376,
    26.17259907722473
  ],
  "inference_speed": [
    4.966958522796631,
    4.987316131591797,
    4.955220460891724,
    4.94411826133728,
    4.986549377441406,
    5.652749538421631,
    4.942816257476807,
    4.964007616043091,
    4.967268943786621,
    4.957173109054565,
    4.9795379638671875,
    4.983724355697632,
    4.964184761047363
  ],
  "student_memory": 16.1424560546875,
  "student_num_params": 4207156,
  "train_loss": [
    0.8440969427426656,
    0.8419504226782383,
    0.8441795477500329,
    0.8448633248989399,
    0.8448739632582053,
    0.8442311372512427,
    0.8430865217477848,
    0.8429549544285505,
    0.8428213165356563,
    0.8427925238242516,
    0.8427748166597806,
    0.8426350260392214,
    0.8426497239332933
  ],
  "val_loss": [
    0.8493040982557802,
    0.8493037260308558,
    0.8477114828265443,
    0.8492370673588344,
    0.8486555741757763,
    0.8492503360826142,
    0.8492058466891853,
    0.8490323302697163,
    0.8487400972113317,
    0.848837926679728,
    0.8485904944186308,
    0.8477715375472088,
    0.844604816971993
  ],
  "train_acc": [
    0.39586894588592725,
    0.4895922364332737,
    0.26659544159968696,
    0.15186520654421587,
    0.14378116100262373,
    0.15363247860700657,
    0.20372150998849134,
    0.2312099358974359,
    0.2320379273249553,
    0.2224937678147585,
    0.23472222219675015,
    0.24582443023339295,
    0.2360665954840489
  ],
  "val_acc": [
    0.3569756405694144,
    0.5137117340856668,
    0.18787331970370547,
    0.5355859569140843,
    0.2420125062368354,
    0.6841090090420782,
    0.7201110623320754,
    0.7259908525311217,
    0.612322672289245,
    0.7011495147432599,
    0.6546828333212404,
    0.6751609943350967,
    0.40116351417132784
  ],
  "F1_score": []
}