{
  "num_epochs": 20,
  "lr": 0.001,
  "bs": 128,
  "weight_decay": 0.0001,
  "student_model_name": "mobilenet-V3-large",
  "data_dir": "real_data",
  "n_classes": 4,
  "T": 0.8,
  "loss_ratio": 0.6,
  "greyscale": false,
  "pretrained": false,
  "train_split": 0.8,
  "filename": "mobilenet-V3-large_best-0.6688417743663398_num_epochs-20_lr-0.001_bs-128_weight_decay-0.0001_data_dir-real_data_n_classes-4_T-0.8_loss_ratio-0.6_greyscale-False_pretrained-False_train_split-0.8",
  "train_speed": [
    237.91344785690308,
    547.6426138877869,
    504.2045545578003,
    52.641910791397095,
    26.658010005950928,
    26.207698583602905,
    26.086063146591187,
    126.54111909866333,
    29.23609733581543,
    34.06154274940491,
    29.40768575668335,
    36.184024810791016,
    84.01018452644348
  ],
  "inference_speed": [
    146.10438442230225,
    246.92315340042114,
    116.97226142883301,
    5.642385244369507,
    4.958960294723511,
    4.951322555541992,
    25.551276922225952,
    6.3197340965271,
    10.933801412582397,
    6.7174835205078125,
    11.455907821655273,
    5.651283025741577,
    6.041165828704834
  ],
  "student_memory": 16.1424560546875,
  "student_num_params": 4207156,
  "train_loss": [
    0.5766392481632722,
    0.5771456394440089,
    0.5757933155084267,
    0.573569184083205,
    0.5726053980680612,
    0.5719722943428235,
    0.5718543233015598,
    0.5722402759087392,
    0.571735208768111,
    0.5717337296559261,
    0.5723550325784927,
    0.5717579581798651,
    0.5716688608511901
  ],
  "val_loss": [
    0.5808086030337275,
    0.5808085081528644,
    0.5808073926945122,
    0.5807928090192833,
    0.5807347261175817,
    0.5807912811941031,
    0.5807859252910225,
    0.580714785322851,
    0.5807678285910158,
    0.5807551997048515,
    0.576472384589059,
    0.5782432665630263,
    0.5806275885932299
  ],
  "train_acc": [
    0.25379718664364936,
    0.20734953704552772,
    0.16392004986604056,
    0.19476050566404293,
    0.17949608266353606,
    0.17026353279749554,
    0.1441996082663536,
    0.12977207975509839,
    0.12404736467661001,
    0.12144319800994335,
    0.12092681626478831,
    0.1224937678147585,
    0.12082443023339295
  ],
  "val_acc": [
    0.24360689399193744,
    0.34238893705971385,
    0.4168429563240129,
    0.3612999313948106,
    0.49250637694280974,
    0.44520361447820855,
    0.5740690328636948,
    0.6688417743663398,
    0.5266457187886141,
    0.6276793492083647,
    0.2698170731262285,
    0.47948295121290246,
    0.6159314330743284
  ],
  "F1_score": []
}