{
  "num_epochs": 20,
  "lr": 0.001,
  "bs": 128,
  "weight_decay": 0.0001,
  "student_model_name": "mobilenet-V3-large",
  "data_dir": "real_data",
  "n_classes": 4,
  "T": 0.4,
  "loss_ratio": 0.4,
  "greyscale": false,
  "pretrained": false,
  "train_split": 0.8,
  "filename": "mobilenet-V3-large_best-0.6915015237671989_num_epochs-20_lr-0.001_bs-128_weight_decay-0.0001_data_dir-real_data_n_classes-4_T-0.4_loss_ratio-0.4_greyscale-False_pretrained-False_train_split-0.8",
  "train_speed": [
    34.17001390457153,
    26.0034658908844,
    26.138371467590332,
    26.035789728164673,
    26.176140546798706,
    26.060360431671143,
    26.178725004196167,
    26.17199158668518,
    26.068459510803223,
    25.897942543029785,
    25.905689239501953,
    25.897883415222168,
    25.90205430984497,
    25.90444016456604,
    25.880934953689575,
    25.915283203125,
    25.943084478378296,
    25.920441150665283,
    29.63301157951355,
    26.22122597694397
  ],
  "inference_speed": [
    5.632890939712524,
    4.954803943634033,
    4.9219019412994385,
    4.974967002868652,
    4.928773403167725,
    4.939981937408447,
    4.926618576049805,
    4.932906627655029,
    4.9266064167022705,
    4.928738832473755,
    4.917089939117432,
    4.916443109512329,
    4.937838315963745,
    4.945704936981201,
    4.894516706466675,
    4.927876234054565,
    4.926576137542725,
    4.945549964904785,
    5.602264165878296,
    4.988434314727783
  ],
  "student_memory": 16.1424560546875,
  "student_num_params": 4207156,
  "train_loss": [
    0.842498635328733,
    0.838997037594135,
    0.8455906846584418,
    0.8407809557058872,
    0.8381713555409358,
    0.8361208927937043,
    0.835547778239617,
    0.8352118140611893,
    0.8360073911838043,
    0.8354788709909488,
    0.8345719566712013,
    0.8349491458672743,
    0.8349008037493779,
    0.8350074975918501,
    0.834513055666899,
    0.8340627462435991,
    0.8347412008505601,
    0.8342567205429077,
    0.8343456986622932,
    0.8339232716804895
  ],
  "val_loss": [
    0.8493040982557802,
    0.8493030642976567,
    0.8492749017112109,
    0.8492119373107443,
    0.8490874353720217,
    0.8485085879053388,
    0.8490400302166842,
    0.8471120145856118,
    0.8454434543239827,
    0.8477692944662911,
    0.8483937212399074,
    0.844765014794408,
    0.8431989927681125,
    0.846163344626524,
    0.8438063458520539,
    0.8455542459779856,
    0.8420115064601509,
    0.8384201514477633,
    0.8427306535292645,
    0.8430071533942709
  ],
  "train_acc": [
    0.33604433765778174,
    0.41095085480274296,
    0.30028490026791893,
    0.23808760681213476,
    0.41279825507066187,
    0.4933315527744782,
    0.509775641025641,
    0.5267494658629099,
    0.46664440891681574,
    0.496950676655158,
    0.571087072751461,
    0.6050970441255814,
    0.6431534901643411,
    0.6237224004207513,
    0.669911858974359,
    0.6657051282051282,
    0.6735710471104353,
    0.6759348291617173,
    0.6738960113280859,
    0.6827679843474657
  ],
  "val_acc": [
    0.27379137612119014,
    0.3717334489433133,
    0.38702012811388287,
    0.5014932800312432,
    0.3572050770934747,
    0.36615309180045613,
    0.40297178285462515,
    0.5164105271806523,
    0.5235658288002014,
    0.44560415586646723,
    0.6071389682438909,
    0.4158863236709517,
    0.5681075782191997,
    0.6640391666062024,
    0.6915015237671989,
    0.5770361496477711,
    0.6618459115223009,
    0.3701896150501407,
    0.3353697420382986,
    0.6347102097102574
  ],
  "F1_score": []
}