{
  "num_epochs": 20,
  "lr": 0.001,
  "bs": 1024,
  "weight_decay": 0,
  "student_model_name": "mobilenet-V3-small",
  "data_dir": "real_data",
  "n_classes": 4,
  "T": 0.3,
  "loss_ratio": 0.5,
  "greyscale": false,
  "pretrained": false,
  "train_split": 0.8,
  "filename": "mobilenet-V3-small_best-0.4665927120617458_num_epochs-20_lr-0.001_bs-1024_weight_decay-0_data_dir-real_data_n_classes-4_T-0.3_loss_ratio-0.5_greyscale-False_pretrained-False_train_split-0.8",
  "train_speed": [
    402.23233222961426,
    116.14595532417297,
    32.81642127037048,
    30.944005250930786,
    32.06088995933533,
    34.04423427581787
  ],
  "inference_speed": [
    95.804927110672,
    10.87734317779541,
    8.183471202850342,
    8.464482545852661,
    8.604017734527588,
    10.462734937667847
  ],
  "student_memory": 5.852264404296875,
  "student_num_params": 1521956,
  "train_loss": [
    0.7347950625419617,
    0.34360854685306547,
    0.18529945224523545,
    0.11414043247699737,
    0.0818047907948494,
    0.05849417060613632
  ],
  "val_loss": [
    1.2910690477916174,
    1.278427175113133,
    1.2573835509163993,
    1.2627721343721663,
    1.2384570666721888,
    1.2138957296098982
  ],
  "train_acc": [
    0.6966930246353149,
    0.8679182529449463,
    0.9359346413612366,
    0.9620817446708679,
    0.9743225979804992,
    0.9817244648933411
  ],
  "val_acc": [
    0.4665927120617458,
    0.36567671809877667,
    0.36567671809877667,
    0.36567671809877667,
    0.36567671809877667,
    0.36567671809877667
  ],
  "F1_score": []
}