{
  "num_epochs": 20,
  "lr": 0.001,
  "bs": 128,
  "weight_decay": 0.0001,
  "student_model_name": "mobilenet-V3-large",
  "data_dir": "real_data",
  "n_classes": 4,
  "T": 0.5,
  "loss_ratio": 0.2,
  "greyscale": false,
  "pretrained": false,
  "train_split": 0.8,
  "filename": "mobilenet-V3-large_best-0.7108402811751073_num_epochs-20_lr-0.001_bs-128_weight_decay-0.0001_data_dir-real_data_n_classes-4_T-0.5_loss_ratio-0.2_greyscale-False_pretrained-False_train_split-0.8",
  "train_speed": [
    33.89937376976013,
    179.4000735282898,
    599.3062539100647,
    611.050619840622,
    553.869594335556,
    381.7894163131714,
    553.6645455360413,
    261.1837980747223,
    30.945212602615356,
    25.915401697158813,
    25.94511127471924,
    30.220773935317993,
    132.4188482761383,
    25.84256672859192,
    25.821838855743408,
    26.86532950401306,
    25.956820011138916
  ],
  "inference_speed": [
    5.612191438674927,
    40.93519687652588,
    229.55906009674072,
    238.03103494644165,
    190.2543604373932,
    130.01824474334717,
    210.12350368499756,
    46.92029809951782,
    5.5669639110565186,
    4.918387174606323,
    4.923387765884399,
    46.69535446166992,
    5.602994918823242,
    4.886482238769531,
    4.8661720752716064,
    5.554393768310547,
    4.914535760879517
  ],
  "student_memory": 16.1424560546875,
  "student_num_params": 4207156,
  "train_loss": [
    1.1095496899042374,
    1.1083631215951382,
    1.1078519203724004,
    1.105390599446419,
    1.103004631629357,
    1.1040946440818982,
    1.100216872875507,
    1.0995751723265037,
    1.0995001890720466,
    1.0992321240596281,
    1.099390423603547,
    1.0996067792941362,
    1.0989982592753875,
    1.098973727837587,
    1.0989184874754685,
    1.0990288343185033,
    1.0989254370713846
  ],
  "val_loss": [
    1.117799525358239,
    1.1177993185666142,
    1.1177006692302471,
    1.1173692844351943,
    1.1163682159112425,
    1.1172562448345884,
    1.11714172119997,
    1.1167013742485825,
    1.1166477568295536,
    1.1164154373869604,
    1.1161700292509429,
    1.1097422594926796,
    1.1168461040574678,
    1.1159249714442663,
    1.1127049582345145,
    1.1150900295802526,
    1.1122811205533085
  ],
  "train_acc": [
    0.4650551994641622,
    0.5667913106771616,
    0.5255163817833631,
    0.4646367522386404,
    0.679700854802743,
    0.6568108974358975,
    0.7718794517028026,
    0.7852252492537866,
    0.8143295939152058,
    0.8211360399539654,
    0.8037170584385211,
    0.7960692665515802,
    0.8136306979717353,
    0.8101940882511628,
    0.8121572292768038,
    0.8201166311899821,
    0.8251691595101968
  ],
  "val_acc": [
    0.27415691833106837,
    0.22106769528924203,
    0.5123662267412458,
    0.5505615351151447,
    0.48618715758226355,
    0.6448676269881579,
    0.624447797025953,
    0.6058556802418767,
    0.6806091337787862,
    0.6615659217445218,
    0.7108402811751073,
    0.4188651065437161,
    0.5705186031302627,
    0.6439187709166079,
    0.5828070555414472,
    0.7038171972547259,
    0.4509123004212671
  ],
  "F1_score": []
}