{
  "num_epochs": 20,
  "lr": 0.001,
  "bs": 128,
  "weight_decay": 0.0001,
  "student_model_name": "mobilenet-V3-large",
  "data_dir": "real_data",
  "n_classes": 4,
  "T": 0.5,
  "loss_ratio": 0.6,
  "greyscale": false,
  "pretrained": false,
  "train_split": 0.8,
  "filename": "mobilenet-V3-large_best-0.555313588405142_num_epochs-20_lr-0.001_bs-128_weight_decay-0.0001_data_dir-real_data_n_classes-4_T-0.5_loss_ratio-0.6_greyscale-False_pretrained-False_train_split-0.8",
  "train_speed": [
    378.41681599617004,
    556.0278148651123,
    261.78666281700134,
    26.1529757976532,
    26.134342193603516,
    26.08566117286682,
    26.30005669593811,
    178.64495992660522,
    26.082170009613037,
    30.467802047729492,
    26.21471095085144,
    30.746574640274048,
    26.110385417938232,
    26.110707759857178,
    26.105470657348633,
    26.120691299438477,
    26.1382474899292
  ],
  "inference_speed": [
    120.05016684532166,
    207.7531225681305,
    46.28956627845764,
    4.9675140380859375,
    4.96082329750061,
    4.985753536224365,
    9.4091956615448,
    5.729153394699097,
    4.9546613693237305,
    5.623926401138306,
    4.935847520828247,
    5.678380727767944,
    4.9563212394714355,
    4.973905563354492,
    4.956652402877808,
    4.979809045791626,
    4.980736970901489
  ],
  "student_memory": 16.1424560546875,
  "student_num_params": 4207156,
  "train_loss": [
    0.5768499166537554,
    0.5755424692080571,
    0.5731424811558846,
    0.5745567465439821,
    0.5729325600159474,
    0.5714566218547332,
    0.5701962648293911,
    0.5700861301177588,
    0.5692512668096102,
    0.5713095322633401,
    0.5694904944835565,
    0.5688963783092987,
    0.5686966089101938,
    0.5682924701617315,
    0.5686551635081951,
    0.568190515652681,
    0.5679071334692148
  ],
  "val_loss": [
    0.5808086054665702,
    0.5808081468757318,
    0.5807835824635564,
    0.5807173008821449,
    0.5796811532001106,
    0.5807455388867125,
    0.5806380558987053,
    0.5806164705023473,
    0.580436612878527,
    0.5800713775109272,
    0.5799714412008014,
    0.5805537153263481,
    0.579067024649406,
    0.5805930568247425,
    0.57702543784161,
    0.5778028721712074,
    0.578267152212104
  ],
  "train_acc": [
    0.3155003561423375,
    0.2911324786070066,
    0.281325676655158,
    0.36800213677760885,
    0.24644764967453786,
    0.38592414519725704,
    0.40099715101413236,
    0.4322115384615385,
    0.4457576566781753,
    0.22205306276296957,
    0.3971198361653548,
    0.440113069766607,
    0.4407407407577221,
    0.4306668447378354,
    0.4549456909680978,
    0.44435986463840194,
    0.461013176655158
  ],
  "val_acc": [
    0.33078879361249963,
    0.34156063320685404,
    0.2871220130093244,
    0.36009441833106837,
    0.37676549261930037,
    0.2675032664318474,
    0.33174542626556086,
    0.4045272834446965,
    0.40677109239052756,
    0.3542068503340896,
    0.41043818422726225,
    0.555313588405142,
    0.5245730147069815,
    0.42762646200705545,
    0.40399063545830394,
    0.5013649512310417,
    0.2800289319486034
  ],
  "F1_score": []
}