{
  "num_epochs": 20,
  "lr": 0.001,
  "bs": 128,
  "weight_decay": 0.0001,
  "student_model_name": "mobilenet-V3-large",
  "data_dir": "real_data",
  "n_classes": 4,
  "T": 0.4,
  "loss_ratio": 0.6,
  "greyscale": false,
  "pretrained": false,
  "train_split": 0.8,
  "filename": "mobilenet-V3-large_best-0.6933175702484287_num_epochs-20_lr-0.001_bs-128_weight_decay-0.0001_data_dir-real_data_n_classes-4_T-0.4_loss_ratio-0.6_greyscale-False_pretrained-False_train_split-0.8",
  "train_speed": [
    34.61669087409973,
    26.22925353050232,
    30.292194604873657,
    26.06496572494507,
    26.200997591018677,
    26.18626594543457,
    26.047631978988647,
    26.017441749572754,
    26.038851976394653,
    26.133498907089233,
    26.161895990371704,
    26.121282815933228,
    26.182512998580933,
    26.12948727607727
  ],
  "inference_speed": [
    5.684204339981079,
    4.96628212928772,
    5.572210073471069,
    4.936583518981934,
    4.936675786972046,
    4.93744683265686,
    4.930003643035889,
    4.9441046714782715,
    4.936230659484863,
    4.933119535446167,
    4.93277907371521,
    4.93600606918335,
    4.939733266830444,
    4.937182903289795
  ],
  "student_memory": 16.1424560546875,
  "student_num_params": 4207156,
  "train_loss": [
    0.5766642445173019,
    0.5755587620612902,
    0.5755328441277529,
    0.5754928863965548,
    0.5764628260563581,
    0.5733058260037349,
    0.5723808973263471,
    0.5725212604571611,
    0.571693129111559,
    0.5718227808292096,
    0.5726078088466938,
    0.5719143418165353,
    0.5718341919092031,
    0.5722263638789837
  ],
  "val_loss": [
    0.5808086066829915,
    0.5808081724205796,
    0.5807977525555358,
    0.5804977538634319,
    0.5795363856821644,
    0.5804332640706277,
    0.5806976167523131,
    0.5803062052142863,
    0.5806085734951253,
    0.5792788486091458,
    0.5773526478786858,
    0.5789985133677112,
    0.5793588939978151,
    0.5762310453823635
  ],
  "train_acc": [
    0.22242254270957065,
    0.23068465101413238,
    0.2955217236891771,
    0.20321403134327667,
    0.1689547720627907,
    0.21762375357823494,
    0.21774839743589744,
    0.20745637462689326,
    0.16148949433595705,
    0.1532496438576625,
    0.16982282766929038,
    0.17321047011094215,
    0.1676014957519678,
    0.18066239318786523
  ],
  "val_acc": [
    0.24978611846359408,
    0.4109553877188235,
    0.29362011564021206,
    0.5043242902171855,
    0.3436333372884867,
    0.5232002856780071,
    0.34427109239052756,
    0.39156218876644056,
    0.6933175702484287,
    0.5461089160977578,
    0.19990122561552087,
    0.6546711666243417,
    0.5148161394255502,
    0.16683906772915197
  ],
  "F1_score": []
}