{
  "num_epochs": 20,
  "lr": 0.001,
  "bs": 128,
  "weight_decay": 0.0001,
  "student_model_name": "mobilenet-V3-large",
  "data_dir": "real_data",
  "n_classes": 4,
  "T": 0.6,
  "loss_ratio": 0.2,
  "greyscale": false,
  "pretrained": false,
  "train_split": 0.8,
  "filename": "mobilenet-V3-large_best-0.715615666642481_num_epochs-20_lr-0.001_bs-128_weight_decay-0.0001_data_dir-real_data_n_classes-4_T-0.6_loss_ratio-0.2_greyscale-False_pretrained-False_train_split-0.8",
  "train_speed": [
    34.00088858604431,
    25.974234580993652,
    25.97380781173706,
    25.995296239852905,
    26.00517511367798,
    26.195249795913696,
    25.998489141464233,
    26.071837186813354,
    26.09357523918152,
    26.05353355407715,
    26.082199335098267,
    26.08866024017334,
    26.090308666229248
  ],
  "inference_speed": [
    5.580576181411743,
    4.935837030410767,
    4.937541484832764,
    4.935618162155151,
    4.92533540725708,
    4.945553541183472,
    4.9343836307525635,
    4.93276047706604,
    4.933177471160889,
    4.923997640609741,
    4.931947708129883,
    4.9381263256073,
    4.9337170124053955
  ],
  "student_memory": 16.1424560546875,
  "student_num_params": 4207156,
  "train_loss": [
    1.1106187160198504,
    1.1104314590111757,
    1.107169047380105,
    1.1023010895802425,
    1.1007142109748644,
    1.0997696693126973,
    1.0994345609958356,
    1.0992863703996707,
    1.0997158233936017,
    1.1001752773920694,
    1.1004419094476945,
    1.1000713482881204,
    1.0992807278266319
  ],
  "val_loss": [
    1.117799525358239,
    1.1177964502451372,
    1.1177286712490782,
    1.1176198112721345,
    1.1176576736022015,
    1.1175173010144914,
    1.1171991922417466,
    1.116976302497241,
    1.1154664681882274,
    1.113133048524662,
    1.1148566177913122,
    1.1136493585547622,
    1.1152071198638605
  ],
  "train_acc": [
    0.396051460198867,
    0.4589253917718545,
    0.41479700864889685,
    0.6536858974358974,
    0.7133368947567084,
    0.7602786681590936,
    0.7887241809796064,
    0.8123174856870602,
    0.7851406696515205,
    0.7811743234976743,
    0.7854077635667263,
    0.763425926061777,
    0.8022613959434705
  ],
  "val_acc": [
    0.33092878910959983,
    0.32345460993903025,
    0.28164276359032614,
    0.5135600724998786,
    0.5858441688576523,
    0.6546711666243417,
    0.715615666642481,
    0.6424643786586061,
    0.7067259829871508,
    0.6729171847810551,
    0.6415388559808537,
    0.6020485929080418,
    0.593388345776772
  ],
  "F1_score": []
}