{
  "num_epochs": 20,
  "lr": 0.001,
  "bs": 128,
  "weight_decay": 0.0001,
  "student_model_name": "mobilenet-V3-large",
  "data_dir": "real_data",
  "n_classes": 4,
  "T": 0.4,
  "loss_ratio": 0.8,
  "greyscale": false,
  "pretrained": false,
  "train_split": 0.8,
  "filename": "mobilenet-V3-large_best-0.6891604953882645_num_epochs-20_lr-0.001_bs-128_weight_decay-0.0001_data_dir-real_data_n_classes-4_T-0.4_loss_ratio-0.8_greyscale-False_pretrained-False_train_split-0.8",
  "train_speed": [
    34.34142875671387,
    26.183152675628662,
    26.172966241836548,
    26.337541341781616,
    26.277645587921143,
    26.33944034576416,
    26.1642587184906,
    26.304784536361694,
    26.287489414215088,
    26.303888082504272,
    26.300028800964355,
    26.37371587753296,
    26.057289361953735,
    33.79424285888672,
    624.8280653953552,
    612.7751340866089,
    552.1038718223572
  ],
  "inference_speed": [
    5.622987508773804,
    4.9762632846832275,
    4.957734107971191,
    4.979574680328369,
    4.972168684005737,
    4.988675594329834,
    4.97098183631897,
    4.986552715301514,
    4.989877462387085,
    4.9763782024383545,
    4.993697643280029,
    5.431865930557251,
    4.945493459701538,
    193.02135062217712,
    204.03583455085754,
    236.327538728714,
    192.03951954841614
  ],
  "student_memory": 16.1424560546875,
  "student_num_params": 4207156,
  "train_loss": [
    0.3099905871427976,
    0.31021171441444984,
    0.31121275470807,
    0.3094080611681327,
    0.3089770868802682,
    0.30977073021424123,
    0.3086035182842842,
    0.30875904575372354,
    0.308162180124185,
    0.3080683294015053,
    0.3082933402978457,
    0.308330850264965,
    0.3077448884646098,
    0.30764503677686056,
    0.30778774726085173,
    0.30747084907996347,
    0.3076194072381044
  ],
  "val_loss": [
    0.3123131242333626,
    0.3123131242333626,
    0.31231285844530376,
    0.312035935873888,
    0.31217246639485263,
    0.3121137302749011,
    0.3121605728353773,
    0.3119887350773325,
    0.3102768410225304,
    0.31205792877138877,
    0.3121876832173795,
    0.3120130890486192,
    0.31166658961043064,
    0.3112937315386169,
    0.3107785351422368,
    0.3111234282960697,
    0.3106476007675638
  ],
  "train_acc": [
    0.31812232900888493,
    0.2642628205128205,
    0.116862535629517,
    0.34150641025641026,
    0.3941639956755516,
    0.2894275284730471,
    0.17753294163789504,
    0.22680288461538461,
    0.21910612537310672,
    0.2029602920397734,
    0.22732816949868814,
    0.20246171653270723,
    0.1775863603903697,
    0.20104611821663684,
    0.1780003561423375,
    0.18439280627629695,
    0.17926460114809184
  ],
  "val_acc": [
    0.23460832481481592,
    0.29556449092164333,
    0.4346806552945351,
    0.31754370915646457,
    0.3800048219914339,
    0.5916267414482272,
    0.6371756779904268,
    0.5628577641078404,
    0.43797831571831997,
    0.5711680249292024,
    0.6511946235384259,
    0.6891604953882645,
    0.5016954948707503,
    0.6145353718679778,
    0.5960093639334854,
    0.6276987924867746,
    0.5376975481607476
  ],
  "F1_score": []
}