{
  "num_epochs": 20,
  "lr": 0.001,
  "bs": 128,
  "weight_decay": 0.0001,
  "student_model_name": "mobilenet-V3-large",
  "data_dir": "real_data",
  "n_classes": 4,
  "T": 0.4,
  "loss_ratio": 0.5,
  "greyscale": false,
  "pretrained": false,
  "train_split": 0.8,
  "filename": "mobilenet-V3-large_best-0.7316295419420514_num_epochs-20_lr-0.001_bs-128_weight_decay-0.0001_data_dir-real_data_n_classes-4_T-0.4_loss_ratio-0.5_greyscale-False_pretrained-False_train_split-0.8",
  "train_speed": [
    28.18380045890808,
    26.039828062057495,
    26.02502703666687,
    26.055717706680298,
    26.072222232818604,
    26.054364442825317,
    26.066057443618774,
    26.05014395713806,
    26.041473627090454,
    26.02436065673828,
    26.008806943893433,
    26.033961296081543,
    26.052308797836304,
    26.029751539230347,
    26.03583002090454,
    26.041178464889526,
    26.04247212409973,
    26.024890899658203,
    26.008785486221313,
    26.031347513198853
  ],
  "inference_speed": [
    4.9365949630737305,
    4.945905685424805,
    4.947144269943237,
    4.9404237270355225,
    4.959082841873169,
    4.945752382278442,
    4.947591066360474,
    4.943251132965088,
    4.939526319503784,
    4.9260923862457275,
    4.9153077602386475,
    4.925400018692017,
    4.941949844360352,
    4.926703214645386,
    4.937992811203003,
    4.9277122020721436,
    4.934868574142456,
    4.92895245552063,
    4.9283788204193115,
    4.9378345012664795
  ],
  "student_memory": 16.1424560546875,
  "student_num_params": 4207156,
  "train_loss": [
    0.7088777545170907,
    0.706082355364775,
    0.7120570204196832,
    0.7072282540492523,
    0.706159861271198,
    0.7062988052001367,
    0.7060989853663322,
    0.7057559328201489,
    0.7055460025102664,
    0.7055752427150042,
    0.7058966205670283,
    0.7054820390848013,
    0.7051872669122158,
    0.7050886765504495,
    0.7060898025830586,
    0.7051705329846113,
    0.7053670259622428,
    0.7051133962777945,
    0.7050962649858915,
    0.7052003842133742
  ],
  "val_loss": [
    0.7150563244916954,
    0.7150569071575087,
    0.7149479158070623,
    0.7149988035766446,
    0.7150073160930556,
    0.7150314596234536,
    0.715007272301888,
    0.7128240174176742,
    0.7142992652192408,
    0.7149411525045123,
    0.7112923021219215,
    0.7136854067140695,
    0.7147687041029638,
    0.7127374714734603,
    0.7106914167501488,
    0.7141574365752084,
    0.7129890419998948,
    0.7131601961291566,
    0.7105932430345185,
    0.7117725391777194
  ],
  "train_acc": [
    0.37305466517423974,
    0.4757923789513417,
    0.3285078347493441,
    0.1550525284730471,
    0.15259081194033988,
    0.14871794871794872,
    0.13551460114809183,
    0.13161057692307693,
    0.12904647435897437,
    0.13520744305390578,
    0.13688568373521168,
    0.13863960114809182,
    0.1411992521622242,
    0.14440438036735243,
    0.1593438390737925,
    0.1633680555300835,
    0.16156517091469888,
    0.16327457267504472,
    0.1646768161883721,
    0.18912482192883126
  ],
  "val_acc": [
    0.4059350107397352,
    0.25615200339531413,
    0.16317197589241728,
    0.5436551145144871,
    0.4664595254829952,
    0.5102624126843044,
    0.5504604273912858,
    0.36310431178735225,
    0.6373234500690382,
    0.6670490600624863,
    0.26433393480826395,
    0.7262980646016647,
    0.687674993154954,
    0.5341082312622849,
    0.5742362494371376,
    0.7255825339531412,
    0.5134317436996771,
    0.7316295419420514,
    0.4296758333031012,
    0.6827129478357277
  ],
  "F1_score": []
}