{
  "num_epochs": 20,
  "lr": 0.001,
  "bs": 256,
  "weight_decay": 0,
  "student_model_name": "mobilenet-V3-large",
  "train_dir": "real_data",
  "val_dir": "val",
  "n_classes": 4,
  "T": 4,
  "loss_ratio": 0.5,
  "greyscale": false,
  "pretrained": false,
  "train_split": 0.8,
  "teacher_model_name": "vgg16",
  "finetuned": false,
  "conditional": false,
  "curriculum": false,
  "cosine_decay": false,
  "filename": "mobilenet-V3-large-best;0.974609-lr;0.001-bs;256-weight_decay;0-T;4-loss_ratio;0.5-conditional;False-curriculum;False-cosine_decay;False",
  "train_speed": [
    1471.1635596752167,
    1344.968904018402,
    666.4958350658417,
    345.1015865802765,
    59.16501069068909,
    55.104363679885864,
    55.73389959335327,
    54.77578163146973,
    54.117440700531006,
    54.197556018829346,
    54.326788663864136,
    55.59877872467041,
    55.036808490753174,
    55.61008262634277,
    55.567466259002686,
    55.28391242027283,
    55.09049892425537,
    55.228344202041626,
    54.782915115356445,
    54.79726576805115
  ],
  "inference_speed": [
    205.62703943252563,
    3.8991456031799316,
    3.86286997795105,
    3.8606655597686768,
    3.8583717346191406,
    3.853933095932007,
    3.8677449226379395,
    3.8636279106140137,
    3.859384536743164,
    3.86399245262146,
    3.86897611618042,
    3.8660762310028076,
    3.854868173599243,
    3.8747265338897705,
    3.866184711456299,
    3.848649263381958,
    3.8638620376586914,
    3.845484733581543,
    3.850254774093628,
    3.8709590435028076
  ],
  "student_memory": 16.1424560546875,
  "student_num_params": 4207156,
  "train_loss": [
    1.815541995353386,
    0.41406563046525735,
    0.2110849765480542,
    0.1571044394227325,
    0.11217507292501262,
    0.09636629110232728,
    0.08592538785983304,
    0.07975151591369363,
    0.08066047612028043,
    0.0708115172312885,
    0.06092263865055608,
    0.0560221509000317,
    0.04548933853196804,
    0.04583924088138537,
    0.05028025960152755,
    0.05942056302103351,
    0.05388020560695011,
    0.049065776489919326,
    0.04329012419845237,
    0.052384582149689315
  ],
  "val_loss": [
    9.014091193675995,
    9.00552636384964,
    10.303950786590576,
    11.943733558058739,
    7.564319703727961,
    0.6817759368568659,
    0.3035115951206535,
    0.4012175085954368,
    0.31559667363762856,
    0.2508880194509402,
    0.24859072314575315,
    0.18269627401605248,
    0.19750927947461605,
    0.17767166043631732,
    0.2165611257078126,
    0.18808771576732397,
    0.2184568927041255,
    0.18897003715392202,
    0.28872812492772937,
    0.22770721197593957
  ],
  "train_acc": [
    0.8727919747594928,
    0.9630407373436162,
    0.9817070736259711,
    0.9875236187801987,
    0.9918781269769199,
    0.9930736207571186,
    0.9945996945998707,
    0.9953361187801987,
    0.9951440081244609,
    0.9962538422131147,
    0.997033096239215,
    0.9964887827146248,
    0.9977375019769199,
    0.9975133728785593,
    0.9972143954918032,
    0.9966488749277397,
    0.9970543032786885,
    0.9971183401639344,
    0.9981109118852459,
    0.997374487704918
  ],
  "val_acc": [
    0.441162109375,
    0.441162109375,
    0.441162109375,
    0.441162109375,
    0.484375,
    0.9453302547335625,
    0.9603826329112053,
    0.9547673985362053,
    0.9647771641612053,
    0.9694912992417812,
    0.9687588773667812,
    0.9744495712220669,
    0.9699795804917812,
    0.9746093712747097,
    0.9743652306497097,
    0.9731445275247097,
    0.9729092679917812,
    0.9720925055444241,
    0.9655939266085625,
    0.9653409086167812
  ],
  "train_F1_score": [
    0.8727919749308068,
    0.9630407374387907,
    0.9817070736640409,
    0.9875236187992334,
    0.9918781269959548,
    0.9930736207951885,
    0.9945996946189056,
    0.9953361187992334,
    0.9951440081434958,
    0.9962538422131147,
    0.9970330962582499,
    0.9964887827336597,
    0.9977375019959548,
    0.9975133728975941,
    0.9972143954918032,
    0.9966488749467745,
    0.9970543032786885,
    0.9971183401639344,
    0.9981109118852459,
    0.997374487704918
  ],
  "val_F1_score": [
    0.441162109375,
    0.441162109375,
    0.441162109375,
    0.441162109375,
    0.484375,
    0.9453302556818182,
    0.9603826349431818,
    0.9547674005681818,
    0.9647771661931818,
    0.9694912997159091,
    0.9687588778409091,
    0.9744495738636364,
    0.9699795809659091,
    0.974609375,
    0.974365234375,
    0.97314453125,
    0.9729092684659091,
    0.9720925071022727,
    0.9655939275568182,
    0.9653409090909091
  ],
  "batch_time": [
    0.17775177955627441,
    0.17780804634094238,
    0.17739391326904297,
    0.17666113376617432,
    0.17417645454406738,
    0.174005389213562,
    0.17425048351287842,
    0.17426347732543945,
    0.1743384599685669,
    0.1743830442428589,
    0.1742326021194458,
    0.17436456680297852,
    0.17412257194519043,
    0.17431354522705078,
    0.17432332038879395,
    0.17428112030029297,
    0.1741466522216797,
    0.17437970638275146,
    0.1741352081298828,
    0.17419004440307617
  ]
}