{
  "num_epochs": 2,
  "lr": 0.001,
  "bs": 64,
  "weight_decay": 0.0001,
  "student_model_name": "mobilenet-V3-small",
  "data_dir": "real_data",
  "n_classes": 4,
  "T": 0.5,
  "loss_ratio": 0.5,
  "greyscale": false,
  "pretrained": false,
  "train_split": 0.85,
  "filename": "mobilenet-V3-small_best-0.3614739832812793_num_epochs-2_lr-0.001_bs-64_weight_decay-0.0001_data_dir-real_data_n_classes-4_T-0.5_loss_ratio-0.5_greyscale-False_pretrained-False_train_split-0.85",
  "train_speed": [
    945.1996097564697,
    1050.7599625587463
  ],
  "inference_speed": [
    142.4068431854248,
    141.10590839385986
  ],
  "student_memory": 5.852264404296875,
  "student_num_params": 1521956,
  "train_loss": [
    0.7239183046391621,
    0.7167507532426125
  ],
  "val_loss": [
    0.7363858386261822,
    0.7317253000115695
  ],
  "train_acc": [
    0.3374849033816425,
    0.40098775023423533
  ],
  "val_acc": [
    0.32809047707139627,
    0.3614739832812793
  ],
  "F1_score": []
}