{
  "num_epochs": 20,
  "lr": 0.001,
  "bs": 1024,
  "weight_decay": 0,
  "student_model_name": "mobilenet-V3-small",
  "data_dir": "real_data",
  "n_classes": 4,
  "T": 0.4,
  "loss_ratio": 0.5,
  "greyscale": false,
  "pretrained": false,
  "train_split": 0.8,
  "filename": "mobilenet-V3-small_best-0.4665927120617458_num_epochs-20_lr-0.001_bs-1024_weight_decay-0_data_dir-real_data_n_classes-4_T-0.4_loss_ratio-0.5_greyscale-False_pretrained-False_train_split-0.8",
  "train_speed": [
    394.3484802246094,
    42.084861755371094,
    29.702446222305298,
    33.75891995429993,
    29.59648370742798,
    29.532809734344482
  ],
  "inference_speed": [
    79.26621508598328,
    7.072201490402222,
    12.731755495071411,
    6.912782907485962,
    8.252666711807251,
    5.187117576599121
  ],
  "student_memory": 5.852264404296875,
  "student_num_params": 1521956,
  "train_loss": [
    0.6918628776073455,
    0.30137416303157805,
    0.1629803866147995,
    0.1001037073135376,
    0.06736005634069443,
    0.04744761824607849
  ],
  "val_loss": [
    1.2828445093972343,
    1.2642580441066198,
    1.2314518690109253,
    1.2364514895847865,
    1.22020765713283,
    1.2038506439753942
  ],
  "train_acc": [
    0.7094798016548157,
    0.8786309051513672,
    0.9403972935676574,
    0.9655821251869202,
    0.9771646332740783,
    0.9843607068061828
  ],
  "val_acc": [
    0.4665927120617458,
    0.36567671809877667,
    0.36567671809877667,
    0.36567671809877667,
    0.36567671809877667,
    0.36567671809877667
  ],
  "F1_score": []
}