{
  "num_epochs": 20,
  "lr": 0.001,
  "bs": 128,
  "weight_decay": 0.0001,
  "student_model_name": "mobilenet-V3-large",
  "data_dir": "real_data",
  "n_classes": 4,
  "T": 0.6,
  "loss_ratio": 0.8,
  "greyscale": false,
  "pretrained": false,
  "train_split": 0.8,
  "filename": "mobilenet-V3-large_best-0.7332550396724623_num_epochs-20_lr-0.001_bs-128_weight_decay-0.0001_data_dir-real_data_n_classes-4_T-0.6_loss_ratio-0.8_greyscale-False_pretrained-False_train_split-0.8",
  "train_speed": [
    28.267181158065796,
    26.113691806793213,
    26.124650716781616,
    26.299880027770996,
    26.12904405593872,
    357.24084734916687,
    709.5901148319244,
    540.2128794193268,
    474.20835423469543,
    226.62110567092896,
    26.02760148048401,
    31.11033582687378,
    26.064615964889526,
    26.05539560317993,
    50.68775701522827,
    506.348299741745,
    609.0050766468048,
    252.52776885032654,
    27.968947410583496,
    29.662752866744995
  ],
  "inference_speed": [
    4.968796730041504,
    4.947644472122192,
    4.948463678359985,
    4.972559928894043,
    4.937404155731201,
    162.19940376281738,
    191.96634578704834,
    148.12004590034485,
    151.3981273174286,
    5.981711149215698,
    4.937187910079956,
    5.591427803039551,
    4.924747943878174,
    4.935872316360474,
    66.14949607849121,
    151.44212555885315,
    202.83444380760193,
    14.663504123687744,
    5.460091590881348,
    6.543655872344971
  ],
  "student_memory": 16.1424560546875,
  "student_num_params": 4207156,
  "train_loss": [
    0.30959710555198866,
    0.3093585841166667,
    0.30979447349523886,
    0.3101529836654663,
    0.30981946877944166,
    0.30875476247225053,
    0.3085726906091739,
    0.3085498585150792,
    0.30849979718526205,
    0.3083346019952725,
    0.3083643408922049,
    0.308326425919166,
    0.3079111201640887,
    0.308058974528924,
    0.30784133840829897,
    0.307806089749703,
    0.3079560097975609,
    0.30817732703991424,
    0.3082331894299923,
    0.30812564889589944
  ],
  "val_loss": [
    0.3123131242333626,
    0.3123130865243016,
    0.31231039701675883,
    0.312293814761298,
    0.3122872783213246,
    0.312305538629999,
    0.3123039013268996,
    0.3108667749531415,
    0.31228993316085973,
    0.3122926859223113,
    0.31225548471723286,
    0.3113771476307694,
    0.31187144773347036,
    0.31201899294950525,
    0.31223192871833333,
    0.3102753016413475,
    0.31198512656348093,
    0.3122763372197443,
    0.31185893866480613,
    0.3120650557839141
  ],
  "train_acc": [
    0.2859152422501491,
    0.21523326215071556,
    0.34040687328729874,
    0.31927083333333334,
    0.18841702280900416,
    0.14471599001150864,
    0.1440393518560972,
    0.1399305555300835,
    0.14294871794871794,
    0.13542111821663685,
    0.14921207267504472,
    0.13662304129355993,
    0.14311342590894455,
    0.13743767807116875,
    0.14587784898586761,
    0.1416533119403399,
    0.13811431626478832,
    0.13708155269806202,
    0.1317352207807394,
    0.13391203704552773
  ],
  "val_acc": [
    0.289634146252457,
    0.29391954930461184,
    0.3723712040453541,
    0.4488201524530138,
    0.5315377675757116,
    0.6601737494371376,
    0.588787954072563,
    0.38026536788259235,
    0.613917060044347,
    0.6192796473600426,
    0.7259714092527118,
    0.44507528567800714,
    0.5260390736618821,
    0.6710350294502414,
    0.7332550396724623,
    0.37973649769413226,
    0.6290326337425076,
    0.693165909270851,
    0.6466331189992477,
    0.7095181053998519
  ],
  "F1_score": []
}