{
  "num_epochs": 5,
  "lr": 0.001,
  "bs": 64,
  "weight_decay": 0,
  "student_model_name": "mobilenet-V3-small",
  "data_dir": "real_data",
  "n_classes": 4,
  "T": 1,
  "loss_ratio": 0,
  "greyscale": false,
  "pretrained": false,
  "train_split": 0.8,
  "filename": "mobilenet-V3-small_best-0.8816078518118177_num_epochs-5_lr-0.001_bs-64_weight_decay-0_data_dir-real_data_n_classes-4_T-1_loss_ratio-0_greyscale-False_pretrained-False_train_split-0.8",
  "train_speed": [
    359.1302299499512,
    396.48017477989197,
    407.15723991394043,
    421.78706097602844,
    436.1983313560486
  ],
  "inference_speed": [
    80.53411936759949,
    77.70685243606567,
    80.83707547187805,
    83.86081051826477,
    89.11361503601074
  ],
  "student_memory": 5.852264404296875,
  "student_num_params": 1521956,
  "train_loss": [
    0.9253454964894515,
    0.8618490344438797,
    0.8496040888321705,
    0.8483394638085977,
    0.8409455170998207
  ],
  "val_loss": [
    1.2718229391136948,
    1.0046875555904544,
    0.8993489955152784,
    1.1232115948686794,
    0.8616237129483905
  ],
  "train_acc": [
    0.8161858974358974,
    0.8795673076923077,
    0.8930288461538461,
    0.8943509615384615,
    0.9019230769230769
  ],
  "val_acc": [
    0.46812996024988135,
    0.7375283448063598,
    0.8433425456893687,
    0.6197739511120076,
    0.8816078518118177
  ],
  "F1_score": []
}