{
  "num_epochs": 20,
  "lr": 0.001,
  "bs": 256,
  "weight_decay": 0,
  "student_model_name": "shufflenet",
  "train_dir": "real_data",
  "val_dir": "val",
  "n_classes": 4,
  "T": 2,
  "loss_ratio": 0.5,
  "greyscale": false,
  "pretrained": false,
  "train_split": 0.8,
  "teacher_model_name": "vgg16",
  "finetuned": false,
  "conditional": false,
  "curriculum": false,
  "cosine_decay": false,
  "filename": "shufflenet-best;0.971276-lr;0.001-bs;256-weight_decay;0-T;2-loss_ratio;0.5-conditional;False-curriculum;False-cosine_decay;False",
  "train_speed": [
    1962.309201002121,
    1399.6200408935547,
    1367.5598843097687,
    1379.7398190498352,
    1234.8582112789154,
    1152.158842086792,
    1059.6501049995422,
    1055.186996936798,
    540.3229675292969,
    29.08521270751953,
    551.113608121872,
    964.836681842804,
    145.70715737342834,
    677.6350884437561,
    1231.8032410144806,
    1172.4215869903564,
    910.725031375885,
    1148.8958406448364,
    448.1610527038574,
    642.2971909046173
  ],
  "inference_speed": [
    243.88985681533813,
    3.9213621616363525,
    3.807332754135132,
    3.841277599334717,
    3.9238834381103516,
    3.8544323444366455,
    4.968629837036133,
    83.39027261734009,
    4.069519281387329,
    2.9418509006500244,
    3.966536283493042,
    4.205273866653442,
    4.041363716125488,
    3.879733085632324,
    3.7659075260162354,
    5.267373085021973,
    3.888166666030884,
    3.9831275939941406,
    3.8908774852752686,
    4.066161155700684
  ],
  "student_memory": 4.8599090576171875,
  "student_num_params": 1257704,
  "train_loss": [
    0.9499322586372251,
    0.3033224914650448,
    0.14128302443833624,
    0.08357458921973823,
    0.05558593198657036,
    0.04748124907129123,
    0.03936670059490888,
    0.036659368695538555,
    0.033534672508229973,
    0.03139814674915349,
    0.030362993868098397,
    0.03827097514247308,
    0.03699997723957554,
    0.03583913595705736,
    0.034215213616424406,
    0.027619924174896518,
    0.025817344927030507,
    0.023704710378326842,
    0.02025720152668044,
    0.01741569787340208
  ],
  "val_loss": [
    0.453600233362522,
    0.30336879135575145,
    0.2867635742004495,
    0.24206877099641133,
    0.18744985407101922,
    0.19066457935696235,
    0.18041519611142576,
    0.29799081559758633,
    0.2269641279563075,
    0.17163725194041035,
    0.2046047200274188,
    0.2244147474048077,
    0.1664271675836062,
    0.2627916581077443,
    0.19386595873947954,
    0.20053770158119733,
    0.1649518958874978,
    0.19603723892578273,
    0.13588322795840213,
    0.14061843766103266
  ],
  "train_acc": [
    0.8298240567817062,
    0.9420798845955582,
    0.9723161058347733,
    0.9838631206848583,
    0.9896584587996123,
    0.9917288461669547,
    0.9935647087996123,
    0.994780993852459,
    0.9947277683703626,
    0.9956134733606558,
    0.9959124507474117,
    0.9937564036885246,
    0.9943011329799402,
    0.9953681372228216,
    0.994780993852459,
    0.99609375,
    0.9968942110655737,
    0.9969370409113462,
    0.9981109118852459,
    0.9983350409836066
  ],
  "val_acc": [
    0.9162863977253437,
    0.9408602602779865,
    0.9402121789753437,
    0.9519131742417812,
    0.9611905179917812,
    0.9586736485362053,
    0.9624112211167812,
    0.9471413344144821,
    0.9535466954112053,
    0.9634721204638481,
    0.9604580961167812,
    0.9560901969671249,
    0.9646084867417812,
    0.9549360796809196,
    0.9618474766612053,
    0.9619318172335625,
    0.9677823148667812,
    0.9612837359309196,
    0.9712757430970669,
    0.9694912992417812
  ],
  "train_F1_score": [
    0.9025974025974026,
    0.9415584415584416,
    0.935064935064935,
    0.9805194805194806,
    0.9805194805194806,
    0.987012987012987,
    0.9805194805194806,
    1.0,
    0.9935064935064936,
    1.0,
    0.9935064935064936,
    1.0,
    0.9805194805194806,
    0.9935064935064936,
    1.0,
    1.0,
    1.0,
    0.9935064935064936,
    1.0,
    1.0
  ],
  "val_F1_score": [
    0.8363636363636363,
    0.8545454545454545,
    0.8363636363636363,
    0.9454545454545454,
    0.9454545454545454,
    0.9090909090909091,
    0.9454545454545454,
    0.7636363636363637,
    0.9090909090909091,
    0.9272727272727272,
    0.9454545454545454,
    0.7818181818181819,
    0.9454545454545454,
    0.8727272727272727,
    0.9090909090909091,
    0.8909090909090909,
    0.9454545454545454,
    0.8727272727272727,
    0.9818181818181818,
    0.9454545454545454
  ],
  "batch_time": [
    0.1662818193435669,
    0.16605210304260254,
    0.16545617580413818,
    0.16485834121704102,
    0.16505765914916992,
    0.16503453254699707,
    0.16477346420288086,
    0.16487586498260498,
    0.1637587547302246,
    0.1450589895248413,
    0.163360595703125,
    0.16475164890289307,
    0.16151082515716553,
    0.163016676902771,
    0.16363680362701416,
    0.16422009468078613,
    0.16377472877502441,
    0.1638045310974121,
    0.16289830207824707,
    0.1639251708984375
  ]
}