{
  "num_epochs": 20,
  "lr": 0.001,
  "bs": 256,
  "weight_decay": 0,
  "student_model_name": "shufflenet",
  "train_dir": "real_data",
  "val_dir": "val",
  "n_classes": 4,
  "T": 1,
  "loss_ratio": 0,
  "greyscale": false,
  "pretrained": false,
  "train_split": 0.8,
  "teacher_model_name": "vgg16",
  "finetuned": false,
  "conditional": false,
  "curriculum": false,
  "cosine_decay": false,
  "filename": "shufflenet-best;0.965416-lr;0.001-bs;256-weight_decay;0-T;1-loss_ratio;0-conditional;False-curriculum;False-cosine_decay;False",
  "train_speed": [
    1355.9908142089844,
    1405.1394894123077,
    1334.2669486999512,
    621.3108117580414,
    232.50185298919678,
    1665.7072494029999,
    1142.2161123752594,
    813.2034635543823,
    116.43388676643372,
    29.124915838241577,
    29.116868495941162,
    29.050212383270264,
    29.045780420303345,
    29.09131383895874,
    29.09329652786255,
    29.112817525863647,
    29.111207723617554,
    29.118867874145508,
    29.129018306732178,
    29.132639408111572
  ],
  "inference_speed": [
    242.43598055839539,
    3.854243755340576,
    4.11397647857666,
    4.173285722732544,
    3.7537076473236084,
    3.903275966644287,
    4.096333742141724,
    4.072923183441162,
    4.063833236694336,
    2.964143991470337,
    2.9603302478790283,
    2.9544098377227783,
    2.9683868885040283,
    2.9575061798095703,
    2.962048053741455,
    2.952909469604492,
    2.9537365436553955,
    2.949361801147461,
    2.949463367462158,
    2.953078269958496
  ],
  "student_memory": 4.8599090576171875,
  "student_num_params": 1257704,
  "train_loss": [
    0.4095578987578877,
    0.1476171726941085,
    0.07734323204418675,
    0.05064093568896661,
    0.0410273688860604,
    0.03043618724971521,
    0.025855919460720213,
    0.024366059711729712,
    0.017569704843898776,
    0.011387755010338103,
    0.01766114952195375,
    0.016187298782437,
    0.01427043298952144,
    0.01462698995768375,
    0.01180448557715863,
    0.008512244610875448,
    0.011730735303765377,
    0.008337059629590587,
    0.015125546987992941,
    0.006714721887799926
  ],
  "val_loss": [
    0.30884050381428096,
    0.19065678041079082,
    0.1678332793962909,
    0.16815079050866188,
    0.18078973308183777,
    0.18061724540530122,
    0.16673337819315748,
    0.14534718970753602,
    0.15167560086410958,
    0.2327171653256528,
    0.15628508634017635,
    0.2241965116342044,
    0.14337165468805324,
    0.18890485428528336,
    0.15647411503442754,
    0.15746030373702524,
    0.20075111121661848,
    0.17908326103940908,
    0.15148075875117684,
    0.16149375046614978
  ],
  "train_acc": [
    0.8286393744046571,
    0.9435739399956875,
    0.9712798727340386,
    0.9817611306417183,
    0.9853467804486634,
    0.98985056945535,
    0.9912485695276104,
    0.9912589651639344,
    0.9938524590163934,
    0.9959976946721312,
    0.9942046618852459,
    0.994439602386756,
    0.9949518974687233,
    0.995079971239215,
    0.9955814549180327,
    0.9971183401639344,
    0.9962966720588872,
    0.9968621926229508,
    0.9948878605834773,
    0.9974813544359363
  ],
  "val_acc": [
    0.8836914040148258,
    0.9268021993339062,
    0.9403053969144821,
    0.9478382430970669,
    0.9441273063421249,
    0.9519131742417812,
    0.9576038680970669,
    0.9631436429917812,
    0.9602139554917812,
    0.9464000351727009,
    0.9615944586694241,
    0.9445223696529865,
    0.9605335555970669,
    0.9563831649720669,
    0.9575461633503437,
    0.9648526273667812,
    0.9558948837220669,
    0.9581764899194241,
    0.9652565680444241,
    0.9654163680970669
  ],
  "train_F1_score": [
    0.9025974025974026,
    0.948051948051948,
    0.9805194805194806,
    0.9545454545454546,
    0.974025974025974,
    0.9805194805194806,
    0.987012987012987,
    1.0,
    1.0,
    1.0,
    1.0,
    0.9935064935064936,
    0.9935064935064936,
    0.9935064935064936,
    1.0,
    1.0,
    0.9935064935064936,
    1.0,
    0.9935064935064936,
    0.9935064935064936
  ],
  "val_F1_score": [
    0.6,
    0.7272727272727273,
    0.7636363636363637,
    0.9818181818181818,
    0.7818181818181819,
    0.9454545454545454,
    0.9818181818181818,
    0.9454545454545454,
    0.9454545454545454,
    0.8181818181818182,
    0.9636363636363636,
    0.8545454545454545,
    0.9818181818181818,
    0.9818181818181818,
    0.8363636363636363,
    0.9454545454545454,
    0.9818181818181818,
    0.9636363636363636,
    0.9636363636363636,
    0.9818181818181818
  ],
  "batch_time": [
    0.1595240831375122,
    0.16547036170959473,
    0.16662514209747314,
    0.1663684844970703,
    0.16312777996063232,
    0.1647179126739502,
    0.16515326499938965,
    0.1648036241531372,
    0.16194534301757812,
    0.14526450634002686,
    0.14493179321289062,
    0.1432095766067505,
    0.14392602443695068,
    0.1442497968673706,
    0.14452707767486572,
    0.14482080936431885,
    0.14542734622955322,
    0.1451190710067749,
    0.14525103569030762,
    0.14460599422454834
  ]
}