{
  "num_epochs": 4,
  "lr": 0.001,
  "bs": 64,
  "weight_decay": 0,
  "student_model_name": "mobilenet-V3-large",
  "data_dir": "real_data",
  "n_classes": 4,
  "T": 8,
  "loss_ratio": 0.5,
  "greyscale": false,
  "pretrained": false,
  "train_split": 0.8,
  "teacher_model_name": "vgg16",
  "finetuned": true,
  "filename": "vgg16-best-0.957031-lr;0.001-bs;64-weight_decay;0-finetuned;True",
  "train_speed": [
    11.010985374450684,
    8.371690511703491,
    8.663825988769531,
    8.541045188903809
  ],
  "inference_speed": [
    1.8213846683502197,
    2.0644233226776123,
    2.381417751312256,
    2.5994133949279785
  ],
  "student_memory": 512.2214508056641,
  "student_num_params": 134275780,
  "train_loss": [
    28.483747936435975,
    1.928966574370861,
    0.293977121822536,
    0.05641645790456096
  ],
  "val_loss": [
    2.6520438478401047,
    0.43504658341407776,
    0.1396692544217899,
    0.16124679893255145
  ],
  "train_acc": [
    0.6502403914928436,
    0.83984375,
    0.9268329367041588,
    0.9761117845773697
  ],
  "val_acc": [
    0.89453125,
    0.85546875,
    0.953125,
    0.95703125
  ],
  "F1_score": [],
  "batch_time": 0.006961345672607422
}