{
  "num_epochs": 20,
  "lr": 0.001,
  "bs": 256,
  "weight_decay": 0,
  "student_model_name": "mobilenet-V3-large",
  "train_dir": "real_data",
  "val_dir": "val",
  "n_classes": 4,
  "T": 1,
  "loss_ratio": 0,
  "greyscale": false,
  "pretrained": false,
  "train_split": 0.8,
  "teacher_model_name": "vgg16",
  "finetuned": false,
  "filename": "vgg16-best-0.99625-lr;0.001-bs;256-weight_decay;0-train_dir;real_data-val_dir;val-finetuned;False",
  "train_speed": [
    1335.5513310432434,
    991.1837334632874,
    1100.7363047599792,
    993.4505326747894,
    1146.4777796268463,
    926.1254060268402,
    909.82905626297,
    671.4268491268158,
    923.6541693210602,
    310.7889451980591,
    19.133223056793213,
    19.15027165412903,
    19.119204998016357,
    19.119487047195435,
    19.153185844421387,
    19.169601917266846,
    19.171563386917114,
    19.165995597839355,
    19.161134243011475,
    19.161447048187256
  ],
  "inference_speed": [
    336.93229842185974,
    239.85932970046997,
    218.39346146583557,
    240.37179470062256,
    268.5185589790344,
    198.88511872291565,
    215.1515724658966,
    217.84340906143188,
    165.39844727516174,
    5.108205795288086,
    4.2046637535095215,
    4.206905841827393,
    4.205742120742798,
    4.211906671524048,
    4.2100465297698975,
    4.205921649932861,
    4.204833507537842,
    4.205763339996338,
    4.198996543884277,
    4.2069313526153564
  ],
  "student_memory": 512.2214508056641,
  "student_num_params": 134275780,
  "train_loss": [
    4.052803652513088,
    0.03355210765778106,
    0.027346100967035304,
    0.024542951191376363,
    0.024500402631428168,
    0.022750529151751984,
    0.020762177959930305,
    0.01874608990061572,
    0.022518573488032788,
    0.021283346561510687,
    0.01631953934687475,
    0.018096782837885107,
    0.02245731488088792,
    0.01900887249241944,
    0.017709001269172495,
    0.01910833300080041,
    0.016945353481082285,
    0.014894831951467643,
    0.01914380423781671,
    0.012928658934859933
  ],
  "val_loss": [
    0.025727634271606802,
    0.021654438157565892,
    0.020153148190584034,
    0.018316505160182715,
    0.022522572248708458,
    0.014889590512029826,
    0.01570249087177217,
    0.013258351739495992,
    0.015794962401269003,
    0.014601241196505726,
    0.013895999524975196,
    0.020683421194553374,
    0.011994006118766266,
    0.012401136871194467,
    0.010634159877663479,
    0.018637166004627944,
    0.010218074586009606,
    0.010428309548879043,
    0.011179916530381888,
    0.009958957340422785
  ],
  "train_acc": [
    0.934328939841718,
    0.9895169005102041,
    0.9915497448979592,
    0.9919660571886568,
    0.9917667587192691,
    0.9923247944335548,
    0.9935427295918368,
    0.9936224489795918,
    0.9931042729591837,
    0.9930644132653061,
    0.9945790816326531,
    0.9940387612702896,
    0.9926259566326531,
    0.9935825892857143,
    0.9949776785714286,
    0.9945170775968202,
    0.9949776785714286,
    0.9954338505560038,
    0.994295634785477,
    0.995735012755102
  ],
  "val_acc": [
    0.9909184432029724,
    0.9929496932029724,
    0.9918559432029724,
    0.9934374976158142,
    0.9920121932029724,
    0.9943559432029724,
    0.9939062476158143,
    0.9957621932029724,
    0.9932621932029724,
    0.9949999976158143,
    0.9952934432029724,
    0.9926371932029724,
    0.9956249976158142,
    0.9957812476158142,
    0.9954496932029724,
    0.9937499976158142,
    0.9962499976158142,
    0.9960937476158143,
    0.9957621932029724,
    0.9959374976158142
  ],
  "F1_score": [],
  "batch_time": 0.00531458854675293
}