{
  "num_epochs": 4,
  "lr": 0.001,
  "bs": 64,
  "weight_decay": 0,
  "student_model_name": "mobilenet-V3-large",
  "data_dir": "real_data",
  "n_classes": 4,
  "T": 8,
  "loss_ratio": 0.5,
  "greyscale": false,
  "pretrained": false,
  "train_split": 0.8,
  "teacher_model_name": "vgg16",
  "finetuned": true,
  "filename": "vgg16-best-0.99442-lr;0.001-bs;64-weight_decay;0-finetuned;True",
  "train_speed": [
    494.6288995742798,
    489.6874420642853,
    1154.690439939499,
    1138.8220269680023
  ],
  "inference_speed": [
    80.64309930801392,
    102.30488657951355,
    614.6370294094086,
    293.80119729042053
  ],
  "student_memory": 512.2214508056641,
  "student_num_params": 134275780,
  "train_loss": [
    0.9025406606441557,
    0.0507697156757707,
    0.06529129566332789,
    0.0706190412045637
  ],
  "val_loss": [
    0.07043735263735526,
    0.03138772297765803,
    0.026880700325466245,
    0.018658859179149844
  ],
  "train_acc": [
    0.9655849358974359,
    0.9845352564102564,
    0.9809294871794871,
    0.9822516025641026
  ],
  "val_acc": [
    0.9760841836734694,
    0.9885204081632653,
    0.9910714285714286,
    0.9944196428571429
  ],
  "F1_score": []
}